User name,1/3/2022,1/4/2022,1/5/2022,1/6/2022,1/7/2022,1/10/2022,1/11/2022,1/12/2022,1/13/2022,1/14/2022,1/17/2022,1/18/2022,1/19/2022,1/20/2022,1/21/2022,1/24/2022,1/25/2022,1/26/2022,1/27/2022,1/28/2022,1/31/2022,2/1/2022,2/2/2022,2/3/2022,2/4/2022,2/7/2022,2/8/2022,2/9/2022,2/10/2022,2/11/2022,2/14/2022,2/15/2022,2/16/2022,2/17/2022,2/18/2022,2/21/2022,2/22/2022,2/23/2022,2/24/2022,2/25/2022,2/28/2022,3/1/2022,3/2/2022,3/3/2022,3/4/2022,3/7/2022,3/8/2022,3/9/2022,3/10/2022,3/11/2022,3/14/2022,3/15/2022,3/16/2022,3/17/2022,3/18/2022,3/21/2022,3/22/2022,3/23/2022,3/24/2022,3/25/2022,3/28/2022,3/29/2022,3/30/2022,3/31/2022,4/1/2022,4/4/2022,4/5/2022,4/6/2022,4/7/2022,4/8/2022,4/11/2022,4/12/2022,4/13/2022,4/14/2022,4/15/2022,4/18/2022,4/19/2022,4/20/2022,4/21/2022,4/22/2022,4/25/2022,4/26/2022,4/27/2022,4/28/2022,4/29/2022,5/2/2022,5/3/2022,5/4/2022,5/5/2022,5/6/2022,5/9/2022,5/10/2022,5/11/2022,5/12/2022,5/13/2022,5/16/2022,5/17/2022,5/18/2022,5/19/2022,5/20/2022,5/23/2022,5/24/2022,5/25/2022,5/26/2022,5/27/2022,5/30/2022,5/31/2022,6/1/2022,6/2/2022,6/3/2022,6/6/2022,6/7/2022,6/8/2022,6/9/2022,6/10/2022,6/13/2022,6/14/2022,6/15/2022,6/16/2022,6/17/2022,6/20/2022,6/21/2022,6/22/2022,6/23/2022,6/24/2022,6/27/2022,6/28/2022,6/29/2022,6/30/2022,7/1/2022,7/4/2022,7/5/2022,7/6/2022,7/7/2022,7/8/2022,7/11/2022,7/12/2022,7/13/2022,7/14/2022,7/15/2022,7/18/2022,7/19/2022,7/20/2022,7/21/2022,7/22/2022,7/25/2022,7/26/2022
Employee Name 0,X,X,X,X,X,X,X,X,X,X,X,,,,,X,X,X,X,X,X,X,X,X,X,,X,X,X,X,X,X,X,X,X,X,X,X,X,X,X,X,X,X,X,,X,X,X,X,X,X,X,X,X,X,X,X,X,X,X,X,X,X,X,,,X,X,X,X,X,X,X,X,X,X,X,X,X,,,,,,,,,,,,,,,,,,,,,,,,,,,,,,,,,,,,,,,,,,,,,,,,,,,,,,,,,,,,,,,,,,,
Employee Name 1,X,X,X,X,X,X,X,X,X,X,X,X,X,X,X,,X,X,X,X,X,X,X,,X,X,X,X,X,X,X,X,X,X,X,X,X,X,X,X,X,X,X,X,X,X,X,X,X,X,X,X,X,X,X,X,X,X,X,X,X,X,X,X,X,X,X,X,X,X,X,X,X,X,X,X,X,X,X,X,X,X,X,X,X,X,X,X,X,X,X,,,X,X,X,X,X,X,X,X,X,X,X,X,X,X,X,X,X,X,X,X,X,X,X,X,X,X,X,X,X,X,X,X,X,X,X,,,,,,,,,,X,X,X,X,X,X,X,X,X,X
Employee Name 10,X,X,X,X,X,X,X,X,X,X,,X,X,,,,X,X,X,X,X,X,X,,X,X,X,X,X,X,,X,X,X,X,X,X,X,,,,,X,X,X,X,X,X,X,X,X,X,X,X,X,X,X,X,X,X,X,X,,,,X,X,X,X,X,X,X,X,X,,X,X,X,X,X,X,X,X,X,X,X,,X,X,X,X,X,X,X,X,X,X,X,X,X,X,X,X,X,X,,X,X,X,X,X,X,X,X,X,X,X,X,X,X,X,X,X,X,X,,,,,,,X,X,X,,X,X,X,,,X,X,X,X,X,,
Employee Name 100,,X,X,X,X,X,X,X,X,X,X,X,X,X,X,X,,,,X,X,X,,,,X,X,X,X,X,X,X,X,X,X,X,X,X,X,X,X,X,X,,X,X,X,X,X,X,X,X,,X,X,X,X,X,X,X,X,X,,X,X,X,X,X,X,X,X,X,X,X,X,X,X,X,X,X,X,X,X,X,X,X,X,X,X,X,X,X,X,X,X,X,X,X,X,X,X,X,X,X,X,,X,X,X,X,X,X,X,X,X,X,X,X,X,X,X,X,X,X,X,X,X,X,X,X,,X,X,X,X,X,X,X,X,X,X,X,X,X,X,X,X
Employee Name 101,,X,X,X,,X,X,X,X,X,X,X,X,X,X,,X,X,X,X,X,X,,,,X,X,X,X,X,X,X,X,X,,X,X,X,X,X,X,X,X,,X,X,X,X,X,X,,X,X,,,X,X,X,X,X,X,X,X,X,X,X,X,X,X,,X,X,X,,X,X,X,X,X,X,X,X,,,X,X,X,X,X,X,X,X,X,X,X,X,X,X,X,X,X,X,X,X,,,X,X,X,X,X,X,X,X,X,X,X,X,X,X,X,X,X,X,X,,X,X,X,,,X,X,X,X,X,X,X,X,X,X,X,X,X,X,X,
Employee Name 102,,X,,,,,,,X,,X,,,X,,,,,,,,,,,,X,,,,,,,,,X,,,,X,,,,,,,,,,,X,,,,,,,,X,,,,,,,,,,,,,,,,,X,,,,,,,,,,,,,,,,X,X,,,,,,,,,,,,,,,,,,,,,,,,,,,X,X,,,,,,,,,,,,,,,,,,,X,X,,,,,,,
Employee Name 103,,X,X,X,X,X,X,X,X,X,X,X,X,X,X,X,X,X,X,X,X,X,,,,X,X,X,X,X,X,X,X,X,X,X,X,X,X,X,X,X,X,X,X,X,X,X,X,,X,X,X,X,,X,X,X,X,X,X,X,X,X,X,X,X,X,X,X,X,X,X,X,,X,X,X,X,X,X,X,X,X,X,X,X,X,X,,X,X,X,X,X,X,X,X,,X,,,,X,X,,X,X,X,X,X,X,X,,X,X,X,X,X,X,X,X,X,X,X,X,X,X,X,X,,X,X,X,X,X,X,X,X,X,X,X,X,,X,X,X
Employee Name 104,,X,X,,X,X,X,X,X,X,X,X,X,X,X,X,X,X,X,X,,X,,,,X,X,X,X,X,X,X,X,X,X,X,,X,,X,X,X,X,,X,X,X,X,,X,X,X,X,,X,X,X,X,,X,X,X,X,,X,,X,,,X,X,X,X,,X,X,X,X,X,X,X,X,,X,X,X,X,,,X,X,X,X,,X,X,X,X,X,,,X,X,X,X,,X,X,,,,,X,X,X,,X,X,,X,X,X,X,,X,X,X,X,,,,X,X,,X,X,X,X,,X,X,X,X,,X,,
Employee Name 105,,X,X,X,X,,,X,X,X,X,,X,X,X,,,,,X,X,X,,,,X,X,X,,X,X,X,X,X,X,,,,,,X,X,,X,X,X,X,X,X,X,X,X,X,X,X,X,X,,X,X,,X,X,X,X,X,X,X,,,X,X,,X,,X,,X,X,X,X,X,,,,,X,X,X,X,,X,X,X,X,X,X,X,X,,X,X,X,,,,,,,,,X,X,X,,X,X,X,,,X,X,X,X,X,X,X,X,X,,,X,X,X,,X,,X,,,X,X,,,,,
Employee Name 106,,X,X,X,X,X,X,X,X,X,X,X,X,X,X,X,X,X,X,X,X,X,X,,X,X,X,,X,X,X,X,X,X,X,X,X,X,X,X,X,X,X,X,X,X,X,X,,,X,X,X,X,X,X,X,X,X,X,X,X,X,X,X,X,X,X,X,X,X,X,X,X,X,X,X,X,X,X,X,X,X,X,X,X,X,,X,X,X,X,X,X,X,X,X,X,X,X,X,X,X,X,,,X,X,X,X,X,X,X,X,X,X,X,X,X,X,X,X,X,X,X,X,X,X,X,,,X,X,X,X,X,X,X,X,,X,X,X,X,X,X,
Employee Name 107,,X,,,X,X,X,X,X,X,,X,X,X,X,,X,X,X,,,X,X,X,,,X,X,X,,,X,X,X,X,,X,X,X,,,X,X,X,,,X,X,X,,X,X,X,X,,,X,X,X,,,X,X,X,,,,,,,X,,,X,X,,,X,X,X,,,,,,,,X,,,,,,X,,,,,,,,X,X,,,,X,X,,,,,X,,,,,X,X,,X,,,,,,,X,,,,,,,,,,,X,,X,,,,,,
Employee Name 108,,X,,X,X,X,X,,X,X,X,X,X,,X,X,X,X,,,X,X,,,,X,X,X,X,X,X,X,X,X,,X,X,X,X,X,X,X,X,X,X,,X,X,X,X,X,,X,X,X,X,X,X,,X,X,X,,X,X,X,X,,,X,X,,X,,,X,X,X,X,X,X,X,,,X,,,,X,X,X,X,X,X,X,X,X,X,X,X,X,X,X,,X,,,X,,X,,X,X,,,X,X,X,,X,X,X,X,X,X,X,X,X,,,,,X,X,X,,X,X,X,X,X,,X,X,X,,
Employee Name 109,,X,X,X,X,X,X,X,X,X,X,X,X,X,X,X,X,X,X,X,X,X,,,X,X,X,X,X,X,X,X,X,X,X,X,X,X,X,X,X,X,X,X,X,X,X,X,X,X,X,X,X,X,X,X,X,X,X,X,X,X,X,X,X,X,X,X,X,X,X,X,X,X,X,X,X,X,X,X,X,X,X,X,X,X,X,X,X,X,X,X,X,X,X,X,X,X,X,,,,,,,,X,X,X,X,X,X,X,X,X,X,X,X,X,X,X,X,X,X,X,X,X,X,X,X,,X,X,X,X,X,X,X,X,,X,X,X,,,,
Employee Name 11,X,X,X,X,X,X,X,X,X,X,X,X,X,X,X,X,X,X,X,X,X,X,,,,X,X,X,X,X,X,X,X,X,,X,X,X,X,X,X,X,X,X,X,X,X,X,X,X,X,X,X,X,X,X,X,X,X,X,X,X,X,,X,X,X,X,X,X,X,X,X,X,X,X,X,X,X,X,X,X,X,X,X,X,X,X,X,X,X,,,X,X,X,X,X,X,X,X,X,X,X,,,,,,,,X,X,X,X,X,X,X,X,X,X,X,X,X,X,X,X,X,X,X,,X,X,X,X,X,X,X,X,X,,X,X,X,X,X,X
Employee Name 110,,X,X,X,X,X,X,X,X,X,X,X,X,X,X,X,X,X,X,X,X,X,X,,X,X,X,X,X,X,X,X,X,X,X,X,X,X,X,X,X,X,X,X,X,X,X,X,X,X,X,X,X,X,X,X,X,,X,X,X,X,X,X,X,X,X,X,X,X,X,X,X,X,X,X,X,X,X,X,X,X,X,X,X,X,X,X,X,X,X,X,X,X,X,X,X,X,X,X,X,X,X,X,X,X,X,X,X,X,X,X,X,X,X,X,X,X,X,,X,X,X,,,,,X,X,X,,X,X,X,X,X,X,X,X,X,X,X,X,,X,X,
Employee Name 111,,X,X,,X,,X,,,,,,,,,X,X,X,X,,X,X,,,X,X,X,X,X,X,,X,X,,X,X,X,X,X,X,,,X,X,X,X,X,X,X,X,,X,X,X,,,,,,,,,X,X,,,,,X,X,,,,X,X,,X,,,,X,,X,X,,,,X,X,X,X,,X,X,X,,,,,X,X,,X,X,X,,,X,X,X,X,X,X,X,X,X,X,X,,X,X,X,X,X,X,X,X,X,X,X,,,,,,X,X,X,X,X,,X,,X,X,X,
Employee Name 112,,X,X,,,X,X,X,X,X,X,X,X,X,X,,X,X,X,X,X,X,X,,,X,X,X,X,X,X,X,,,,X,X,X,,,X,X,X,,X,X,X,,X,X,,X,X,X,X,X,X,X,,X,X,X,X,X,X,X,X,X,X,X,X,X,X,X,X,,X,X,X,X,,X,X,X,X,X,X,X,X,,X,X,X,X,X,X,X,X,X,X,X,X,X,X,X,,X,X,X,X,,X,X,X,X,,,X,X,X,X,X,X,X,X,X,X,X,,X,,X,X,X,X,X,X,X,X,X,X,X,X,X,X,X,
Employee Name 113,,X,X,X,X,X,,X,,X,X,X,X,X,X,X,X,X,X,X,X,X,,,,X,X,X,,X,X,X,X,X,X,X,X,X,X,X,,X,X,X,X,X,X,X,,,,,,,,,,,,,,,,,X,X,X,X,X,X,X,X,X,X,X,X,X,,X,X,X,X,X,X,X,X,X,X,X,X,X,X,X,X,X,X,X,X,X,X,X,X,X,X,,,X,X,X,X,X,X,X,X,X,X,X,X,X,X,X,X,X,X,X,X,X,X,X,,,,,,,X,X,X,X,X,X,X,X,X,X,X,
Employee Name 114,,X,X,X,X,X,X,X,X,X,X,X,X,X,X,X,X,X,X,X,X,X,X,,,X,X,X,X,X,X,,X,X,X,X,X,X,X,X,X,X,X,X,X,X,X,X,X,X,X,X,X,X,X,X,X,X,X,X,X,X,X,X,X,X,X,X,X,X,X,X,X,X,X,X,X,X,X,X,X,X,X,X,X,X,X,,X,X,X,X,X,X,X,X,X,X,X,X,X,X,X,X,X,,X,X,X,X,X,X,X,X,X,X,X,X,X,X,X,X,X,X,X,,X,X,X,X,,,,,,X,X,X,X,X,X,X,X,X,X,X,X
Employee Name 115,,X,X,X,,X,X,,,,,,,,,X,,,,,,,,,,,,,,,,,,,,,,,,,,,,,,,,,,X,,,,,,,,,,,,,,,X,,,,,,,X,X,,,,,,,,,,,,,,,,,,,,,,,,,,,,,,,,,,,,,,,,,,,,,,,,,,,,,,,,,,,,,,,,,,,,,,,,,,
Employee Name 116,,X,,,,,,,,,,,,,,,,,,,,,,,,,,,,,,,,,,,,,,,,,,,,,,,,,,X,,,,,,,,,,,,,,,,,,,,,,,,,X,,,,,,,,,,,,,,,,,,,,,,,,,,,,,,,,,,,,,,,,,,,,,,,,,,,,,,,,,,,,,,,,,,X,,,,
Employee Name 117,,X,,,,,,,,,,,,,,,,,,,,,,,,,,,,,,,,,,,,,,,,,,,,,,,,,,,,,,,,,,,,,,,,,,,,,,,,,,,,,,,,,,,,,,,,,,,,,,,,,,,,,,,,,,,,,,,,,,,,,,,,,,,,,,,,,,,,,,,,,,,,,,X,,,
Employee Name 118,,X,X,X,X,X,X,X,X,X,X,X,X,X,X,X,X,X,X,X,X,X,X,,,,X,X,X,X,X,X,X,X,X,X,X,X,X,X,X,X,X,X,X,X,X,X,X,X,X,X,,,,X,X,X,X,X,X,X,X,X,X,X,X,X,X,X,X,X,X,X,X,X,X,X,X,X,X,X,X,X,X,X,X,X,X,X,X,X,X,X,X,,,,,,,X,X,X,X,,X,X,X,,X,X,X,X,X,X,X,,,X,,X,X,X,X,X,X,X,X,X,,X,X,X,X,X,X,X,X,X,X,X,X,X,X,X,X
Employee Name 119,,X,,,,,,,,,,,X,,X,,X,,,,,X,,,,,,X,,,X,,,,,,X,,X,X,,X,,,X,,X,,,,,,,,,,,,,,,,,,,X,X,,,,,X,X,,X,,,,,,,,,,,X,,,,,,,,X,,,,,X,,,,X,X,X,,X,X,X,,,,,,,,,,,,,,,,X,,,,X,X,,,,,X,,,,,,,,,X,,,
Employee Name 12,X,X,X,,,,X,X,,,X,X,X,X,X,,X,X,X,X,X,X,,,,,X,,X,X,X,X,X,X,X,,X,X,X,,X,X,X,X,,,X,X,X,,X,,X,X,,,X,,X,X,,X,X,,,,,,,,X,X,X,X,,X,X,X,X,X,,,,,,,,,,,,,,,,,,,,,,,,,,,,,,,,,,,,,,,,,,,,,,,,,,,,,,,,,,,,,,,,,,,
Employee Name 120,,X,X,X,X,X,X,X,X,X,X,X,X,X,X,,X,X,X,X,X,,,,,,X,X,,,X,X,X,X,X,,X,X,X,X,X,X,X,X,X,X,X,X,X,X,X,X,X,X,X,X,X,X,X,X,X,X,X,X,X,X,X,X,X,X,,X,X,X,X,X,X,X,X,X,X,X,X,X,X,X,X,X,X,X,X,X,X,X,X,,X,X,X,X,X,X,X,X,X,,X,X,X,,X,X,X,X,X,X,X,X,,,,X,X,X,X,X,X,X,X,X,,,,X,X,X,X,X,X,,X,X,X,X,X,X,
Employee Name 121,,X,,,X,X,,,,,,,,,X,,X,,,,,X,,,,,,X,,,X,,,,,,,,,X,,,,,X,,X,,,,,,,,,,,,,,,,,,,,,,,,,X,X,,X,,,X,,,,,,,,,,,,,,,,X,,,,,,,,,,,X,,X,,,,,,,X,,,,,,,,,,,X,,,,,X,,,,,,,,,,,,,,,,,
Employee Name 122,,X,,X,X,X,X,X,X,X,X,X,X,X,X,X,X,X,,X,X,X,,,,X,X,X,X,X,X,,X,X,,X,X,X,,X,X,X,,X,X,,X,X,,,,X,X,X,X,X,X,X,,,X,X,X,X,,X,X,,X,X,X,X,X,X,X,X,,X,X,,X,X,X,X,X,,,X,X,X,X,X,X,X,X,X,X,,X,X,X,X,X,X,X,,X,,X,X,X,X,,X,X,X,X,X,X,X,X,X,X,X,X,X,X,X,,X,,,X,X,,X,,,,,X,X,X,X,X,X,X
Employee Name 123,,X,X,X,X,X,X,X,X,X,X,X,X,X,X,X,X,X,X,X,X,,,,,X,X,X,,X,X,X,X,,X,X,X,X,X,,X,X,X,,X,X,X,X,X,X,X,,X,X,X,,,,,,X,X,,,X,X,X,X,X,X,X,X,X,X,X,X,X,X,X,X,X,X,,X,X,X,X,X,X,X,X,X,X,X,X,X,X,X,X,X,,,,X,X,,X,X,X,,X,X,X,X,X,X,X,X,X,X,X,X,X,X,X,,,,,,,X,X,,X,X,X,X,X,X,X,X,X,X,X,,
Employee Name 124,,X,,,,,,,X,,X,X,X,X,,,X,X,X,X,X,X,,,,X,,,X,,X,X,X,X,X,X,X,X,X,X,X,X,X,X,X,X,X,X,X,X,X,X,X,,X,X,X,X,X,X,X,,X,X,X,X,X,X,X,,X,X,,X,X,X,X,,X,X,X,X,X,X,,X,X,X,X,,X,X,X,X,X,,X,X,,,X,X,X,X,X,,X,X,X,X,,X,X,X,,X,X,X,X,,X,X,X,,X,,X,X,,,,X,X,X,X,X,X,X,X,X,X,X,X,X,,X,
Employee Name 125,,X,X,X,X,X,X,X,X,X,X,X,X,X,X,X,X,X,X,X,X,X,,,,,X,X,X,X,X,X,X,X,X,X,X,X,X,X,,X,X,X,X,X,X,X,X,X,X,,,,,X,X,X,X,X,X,X,X,X,X,X,X,X,,X,X,X,X,X,X,X,X,X,X,X,X,X,X,X,X,X,X,,X,X,X,X,X,X,,X,X,X,X,X,X,X,X,X,,,X,X,X,X,,,X,,,X,X,X,X,X,X,X,X,X,X,X,X,X,X,X,,,,,,X,X,X,X,X,X,X,X,X,X,X,
Employee Name 126,,X,X,X,X,X,X,X,X,X,X,X,X,X,,,X,X,X,X,X,X,,,,X,X,X,X,X,X,X,X,X,X,X,X,X,X,X,X,X,X,X,X,X,X,X,X,X,X,X,X,X,X,,X,X,X,X,X,X,X,X,X,X,X,X,X,X,X,X,X,,X,X,X,X,X,X,X,X,X,X,X,,,X,X,X,,,,,,X,X,X,X,X,X,X,X,X,,,X,X,X,X,X,X,X,X,X,X,X,X,X,X,,,,,,X,X,X,X,,,X,X,X,X,X,X,X,X,X,X,X,X,X,X,X,X
Employee Name 127,,X,X,X,,X,,,,X,X,X,X,X,X,X,X,X,X,X,X,X,,,,X,X,X,X,,X,,X,X,,X,X,X,X,,X,X,X,X,X,,X,X,X,X,X,X,,X,,X,X,X,X,,X,X,X,X,,,X,X,X,X,X,X,X,,,,,,,,X,X,,X,X,X,X,,,X,X,X,X,X,,X,X,X,X,,X,X,,X,X,,X,X,X,,,X,X,X,X,X,X,X,X,,X,X,X,,X,X,X,X,X,,,X,X,X,X,X,X,,X,X,X,,,,,,
Employee Name 128,,X,X,X,X,,,,,,X,X,X,,,X,X,X,X,X,X,X,,,,X,X,X,X,X,X,X,X,X,X,X,X,X,X,X,X,X,X,X,X,X,X,X,X,X,,X,X,X,X,X,,X,X,X,X,X,X,X,X,X,X,X,X,X,X,X,X,X,X,X,X,X,,,X,X,X,X,X,X,X,X,X,X,X,X,X,X,X,X,X,X,X,X,X,X,X,,,,X,X,X,X,X,X,X,X,X,X,X,X,X,X,X,X,,,,,,,,,,X,X,X,X,X,X,X,X,X,X,X,X,X,X,X,
Employee Name 129,,X,X,X,,X,X,X,X,X,X,X,X,X,X,X,X,X,X,X,X,X,,,,X,X,X,X,X,X,X,X,X,X,X,X,X,X,X,X,X,X,X,X,X,X,X,X,,X,X,X,X,X,X,X,X,X,X,X,X,X,X,X,X,X,X,X,X,,X,X,X,X,X,X,X,X,X,,,,,,,,,,,,,,,,X,X,X,X,X,X,X,X,X,X,,X,X,X,X,X,X,X,X,X,X,X,X,X,X,X,X,X,X,X,X,X,,,,,X,X,X,X,X,X,X,X,X,X,X,,X,,X,X
Employee Name 13,X,X,X,X,X,,,X,X,X,X,X,X,X,X,X,X,X,X,X,X,X,X,,,X,X,X,X,X,X,X,X,X,X,X,X,X,X,X,X,X,X,X,X,X,X,X,X,X,X,X,X,X,,X,X,X,X,X,X,X,X,X,X,X,X,X,X,X,X,X,X,X,X,X,X,X,,,X,X,X,X,X,,X,X,X,X,X,X,X,X,X,X,X,X,X,X,X,X,X,X,,,X,X,X,X,X,X,X,X,X,X,X,X,X,X,X,X,X,X,,X,X,X,X,,,X,X,X,X,X,X,X,X,X,X,X,X,X,X,X,
Employee Name 130,,X,X,,,,X,,,,,,,,,,,,,,,,,,,,,,,,,,,,,,,,,,,,,,,,,,,,,,,,,,,,,,,,,,,,,,,,,,,,,,,,,,,,,,,,,,,,,,,,,,,,,,,,,,,,,,,,,,,,,,,,,,,,,,,,,,,,,,,,,,,,,,,,,,,,
Employee Name 131,,X,,,,,X,,,,,,,,,,,,,,,,,,,,,,,,,,,,,,,,,,,,,,,,,,,,,,,,,,,,,,,,,,,,,,,,,,,,,,,,,,,,,,,,,,,,,,,,,,,,,,,,,,,,,,,,,,,,,,,,,,,,,,,,,,,,,,,,,,,,,,,,,,,,
Employee Name 132,,X,X,X,,,X,,,,,,,,,,,,,,,,,,,,,,,,,,,,,,,,,,,,,,,,,,,,,,,,,,,,,,,,,,,,,,,,,,,,,,,,,,,,,,,,,,,,,,,,,,,,,,,,,,,,,,,,,,,,,,,,,,,,,,,,,,,,,,,,,,,,,,,,,,,,
Employee Name 133,,X,X,X,,,X,,,,,,,,,,,,,,,,,,,,,,,,,,,,,,,,,,,,,,,,,,,,,,,,,,,,,,,,,,,,,,,,,,,,,,,,,,,,,,,,,,,,,,,,,,,,,,,,,,,,,,,,,,,,,,,,,,,,,,,,,,,,,,,,,,,,,,,,,,,,
Employee Name 134,,X,,X,X,,,,,,,,,,,,,,,,,,,,,,,,,,,,,,,,,,,,,,,,,,,,,,,,,,,,,,,,,,,,,,,,,,,,,,,,,,,,,,,,,,,,,,,,,,,,,,,,,,,,,,,,,,,,,,,,,,,,,,,,,,,,,,,,,,,,,,,,,,,,,,
Employee Name 135,,,X,,,,,,X,X,X,,X,X,X,,,,X,,X,X,,,,X,X,,X,X,X,,X,,X,X,,X,X,X,X,X,X,X,X,X,,X,X,,,X,X,X,,X,,X,X,X,,,X,X,X,,X,X,,,,,X,X,,X,X,X,X,X,X,X,X,X,X,X,X,X,X,X,X,,X,,,X,X,X,X,X,X,X,,,X,,X,,X,X,X,,X,,,X,X,X,X,,,,,,X,X,,X,X,X,,X,X,X,X,,X,X,X,X,,X,X,X,X,X,
Employee Name 136,,,X,X,,X,X,X,X,X,X,X,X,X,X,X,X,X,X,X,,,,,,X,,X,X,X,X,X,X,X,X,X,X,X,X,X,X,,X,X,X,X,,X,X,X,X,X,X,X,,,,,,,X,X,X,X,X,X,X,,X,X,X,X,X,X,,X,X,X,X,X,X,X,,X,,,,X,X,X,X,X,X,X,X,X,,,,,,,X,X,X,,X,X,X,X,X,X,X,X,X,,,,,X,X,X,X,X,X,X,X,X,X,X,,X,X,X,X,X,X,X,X,,X,X,X,X,X,X,X
Employee Name 137,,,X,,,X,X,,,,,,,,,,,,,,,,,,,X,,,,,,,,,,,,,,,,,,,,,,,,,,,,,,,,,,,,X,X,,,,,,,,,,,,,,,,,,,,,,,,,,,,,,,,,,,,,,,,,,,,,,,,,,,,,,,,X,,X,,,,,,,,,,,,,,,,,,,,,,,X,,X,
Employee Name 138,,,X,X,X,X,X,,,,,X,X,X,X,X,X,X,X,X,,X,,,,,,,,,,,,,,X,X,X,X,X,X,X,X,X,X,X,X,,X,,X,X,X,X,X,X,X,X,X,X,,,,,,X,X,X,X,X,X,X,X,X,X,X,X,X,X,X,X,X,X,X,X,X,X,X,X,X,X,X,X,X,X,X,X,X,X,X,X,X,X,X,X,,X,X,X,X,X,X,X,X,X,X,X,X,,X,X,X,X,X,,X,X,X,X,X,,X,,X,X,X,X,,X,X,X,X,,X,X,X,X
Employee Name 139,,,X,,,,X,,X,X,X,X,,,,,X,X,X,X,X,X,,,,X,X,X,X,X,X,,,X,X,X,X,X,X,,,X,,,,X,X,,X,X,X,X,X,X,X,X,X,X,X,X,X,X,X,X,X,X,,X,X,X,X,X,X,X,X,X,X,X,X,X,X,X,X,X,X,X,X,X,X,X,X,X,X,,,X,,,,,,,,,,,,,,,X,X,X,X,X,X,X,,X,X,X,X,X,X,X,X,X,X,,,,X,X,X,X,X,X,X,X,X,X,X,X,X,X,X,X
Employee Name 14,X,,X,X,X,,X,X,,X,X,X,X,,,,,,,,X,,,,,,X,,X,,,,X,X,X,X,X,,X,,,,,X,X,X,,,X,X,X,X,X,X,,X,X,X,X,,X,X,X,,X,X,,X,,X,X,X,X,,X,X,X,X,X,X,X,,X,X,X,X,X,X,X,X,X,X,X,X,X,,X,X,X,X,X,X,,X,X,,X,X,X,,X,X,X,X,X,X,X,X,,X,X,X,X,X,X,X,X,X,X,X,,X,X,,X,X,X,X,,,X,,X,X,X,X,
Employee Name 140,,,X,,,X,X,,,,X,X,,X,,X,,X,,,,X,,,,,X,,,X,,,X,,X,,X,X,,,,X,,,,,,X,,X,X,,,,,,,,,X,,,,,X,X,,X,X,X,,,,,,,,,,,X,,,,,,,X,,,,,,,,,,,,,,,,,,,,,X,,X,X,,,,X,,,,,,,,,,,,,,,,X,,,,,,,,,,,,X,,,
Employee Name 141,,,X,X,X,X,X,X,X,X,X,X,X,X,X,X,X,X,X,X,X,X,X,X,X,X,X,X,X,X,X,X,X,X,X,X,X,X,X,X,X,X,X,X,X,X,X,X,X,,X,X,X,X,X,,,,,,X,X,X,X,X,X,X,X,X,X,X,X,X,,X,X,X,X,X,X,X,X,X,X,X,X,X,X,X,X,X,X,X,X,X,X,X,X,X,X,X,X,X,X,X,,X,X,X,X,X,X,X,X,X,,,,,,,,,,,,,,,,,X,X,X,X,X,X,X,X,X,X,X,X,X,X,X,
Employee Name 142,,,X,X,X,X,X,X,X,X,X,X,X,X,X,X,X,X,X,X,X,X,,,,X,X,X,X,X,X,X,X,X,X,X,X,,X,X,X,X,X,X,X,X,X,X,X,X,X,X,X,X,X,X,X,X,X,X,X,X,X,X,X,X,X,X,X,X,X,X,X,X,X,X,X,X,X,X,X,X,X,X,X,X,X,X,X,X,X,X,X,X,X,X,X,X,X,X,X,X,X,X,X,,X,X,X,X,X,X,X,X,X,X,X,X,X,X,X,X,X,X,X,,,,,,,X,X,X,X,X,X,X,X,X,X,X,X,X,X,X,X
Employee Name 143,,,,X,,X,,,,,,,,,,X,X,,,,,,,,,,,,X,,,,X,,,,,,,,,,,,X,,,X,,X,X,,,,,X,,,X,X,,X,X,X,,X,,X,,X,X,,X,X,X,,,X,X,X,X,X,X,,X,,,X,,,,X,X,X,,X,X,,X,X,,X,,X,,,,,,X,,,,,,,,,,,,,,,,,,,,,,,,,,,X,X,X,,,,X,,X,,
Employee Name 144,,,,X,,,,,X,,X,,X,X,X,,X,,X,X,,,,,,,,X,X,X,,,,,,,,,X,,,,,,,,,,X,,,,,X,,,,X,X,X,,X,,,,,,,,,X,X,X,X,X,,,,,,X,,X,X,,X,X,,,,,,,X,,X,,,X,X,,,,,,,,,X,,,,,X,,,,,,X,,,X,,,,,,,,,,,X,,,,X,X,X,,X,,,,,
Employee Name 145,,,,X,X,X,,,,,,,,,,,,,,,,,,,,,,,,,,,,,,,,,,,,,,,,,,,,,,,,,,,,,,,,,,,,,,,,,,,,,,,,,,,,,,,,,,,,,,,,,,,,,,,,,,,,,,,,,,,,,,,,,,,,,,,,,,,,,,,,,,,,,,,,,,,,,
Employee Name 146,,,,,X,X,X,,,,,,X,,,,,,,,,,,,,,,,,,,,,,,,,,,,,,,,,,X,,,,,,,,,,,,,,,,,,,,,,,,,,,,,,,,,,,,,,,,,,,,,,,,,,,,,,,,,,,,,,,,,,,,,,,,,,,,,,,,,,,,,,,,,,,,,,,,,,,,
Employee Name 147,,,,,X,X,X,X,X,X,X,X,X,X,X,X,X,X,X,X,X,,,,,X,X,X,X,X,X,X,X,X,,X,X,X,X,X,X,X,X,X,X,X,,X,X,X,X,,,X,,,X,X,X,X,X,X,X,X,,,,,,,X,X,X,X,X,X,X,X,X,X,X,X,X,X,X,X,X,,X,X,X,X,X,X,X,X,X,X,X,,X,X,X,X,,,X,X,X,X,X,X,X,X,X,X,X,X,,X,X,X,X,X,X,X,X,X,X,X,,X,,X,X,X,X,X,X,X,X,X,X,X,X,,
Employee Name 148,,,,,X,X,,,,,,,,,X,,X,,X,,,,,,,,,,,,,,,,,,,,,,,,,,,,,,,,,,,,,,,,,,,,,,,,,,,,,,,,,,,,,,,,,,,,,,,,,,,,,,,,,,,,,,,,,,,,,,,,,,,,,,,,,,,,,,,,,,,,,,,,,,,,,,,,
Employee Name 149,,,,,X,,,,X,X,,,X,X,X,,X,,,,X,X,,,,,X,,X,,,X,,X,,,X,,X,,X,,X,,,X,,X,,X,X,,,,X,X,,X,,X,,,,X,X,,,,,,,X,X,,,X,X,X,X,X,,X,X,,X,,X,X,,X,,X,X,X,,,,X,,X,,X,X,,X,,,X,,X,,X,X,,X,,X,X,,X,,X,,,,,X,X,,X,,X,X,,,,,,,,X,,X,,,,
Employee Name 15,X,X,X,X,X,X,,,X,X,,,X,X,X,,,X,,X,,X,,,,,X,,,X,,X,,X,X,,X,,,,,,,X,X,X,X,X,X,X,X,,X,X,,,X,,,,,,,,,,,X,,X,,,,,,X,,,,,,X,,,,,,,,,X,,,,,X,,,,,,,X,X,,,,,,,,,,,,,,,,X,X,,,,X,,,X,,X,,,,,,,,,,,,,X,,X,,
Employee Name 150,,,,,,X,,X,,,,,,,,,,,,,X,,,,,,,,,,,,,,,X,,X,,,,,X,,,X,,,,,,,X,,,,,,X,,,,X,,,,,X,,,X,,,,,,,,,X,X,,X,,,X,,X,,,X,,X,,,,,X,,X,X,,X,,,,,X,,,X,,,X,,X,,,,,,,X,,,,,,,,,,,,,,,,,,,,,,,,
Employee Name 151,,,,,,X,X,X,X,X,X,X,X,X,X,X,X,X,X,X,X,X,,,,X,X,X,,X,X,X,X,X,,X,X,X,,,,,X,X,X,X,X,X,X,X,X,X,X,X,X,X,X,X,X,X,X,X,X,X,X,X,X,X,X,X,X,X,X,X,X,X,X,X,X,,,,,,X,X,X,X,X,X,X,X,X,X,,X,X,X,X,X,X,,,,,,X,X,X,X,X,X,X,X,X,X,X,X,X,,,,,,,,,,,,,,X,X,X,X,X,X,X,X,X,X,X,X,X,X,X
Employee Name 152,,,,,,X,,,,,,,,,,,,,,,,,,,,,,,,,,,,,,,,,,,,,,,,,,,,,,,,,,,,,,,,,,,,,,,,,,,,,,,,,,,,,,,,,,,,,,,,,,,,,,,,,,,,,,,,,,,,,,,,,,,,,,,,,,,,,,,,,,,,,,,,,,,,,
Employee Name 153,,,,,,X,X,,X,,,,,,,,,,,,,,,,,,,,,,,,,,,,,,,,,,,,,,,,,,,,,,,,,,,,,,,,,,,X,,,,,,,,,X,X,,,,,,,,,,,,,,,,,,,,,,,,,,,,,,,,,X,,,X,,,,,,,,,X,,,,,,,,,,,,,,,,,,,,,,,,
Employee Name 154,,,,,,X,X,X,X,X,X,X,X,X,X,X,X,,X,X,X,X,,,,,X,X,X,X,X,X,X,X,X,X,X,X,X,X,X,X,X,,,X,X,X,X,,X,X,X,X,X,X,X,X,X,,X,,,X,,,,,,,X,X,X,X,,X,X,X,X,X,X,X,,X,X,X,X,X,X,X,X,X,X,X,X,X,X,X,X,X,X,X,X,X,X,,X,X,X,X,X,X,X,X,X,X,X,X,X,X,X,X,X,X,X,X,X,X,X,X,,X,X,X,X,X,X,X,X,X,X,X,X,X,X,X,X
Employee Name 155,,,,,,X,X,X,X,,X,X,,X,,X,X,X,X,,X,,,,,X,X,X,X,,X,X,X,X,,X,X,X,X,,,X,X,,X,X,X,,X,,X,X,,,,,X,X,X,X,,X,X,X,,,X,,X,,X,X,,X,,,X,X,X,,,X,X,X,,,,,,,X,,X,X,,,,,X,,,,,,,,,,,,X,,,,,,,X,,,,,,,,,,X,,,,,,,,,,,,,,,,,,,
Employee Name 156,,,,,,X,X,X,X,X,X,X,X,X,X,X,X,X,X,X,X,X,,,,X,X,X,X,X,X,X,X,X,,,X,X,X,X,X,X,X,X,X,X,X,X,X,X,X,X,X,X,X,X,X,X,X,X,X,X,X,X,,,,,,,X,X,X,X,X,X,X,X,X,X,X,X,X,X,,X,X,X,X,X,X,X,X,X,X,X,X,X,X,X,,,X,X,X,,X,X,X,,X,X,X,X,X,X,X,X,X,X,X,X,X,X,X,X,,,X,,,,,,,X,X,X,X,X,,,,,,X,X
Employee Name 157,,,,,,X,X,X,X,X,,,,,X,X,X,X,X,X,,,,,,,,,,,,,,,,,,,,,X,X,X,X,X,X,,,,,X,X,X,X,,,X,X,X,X,X,X,X,X,,,,,,,X,X,X,X,,X,X,X,X,X,X,X,X,X,X,X,X,X,X,X,X,X,X,X,X,X,X,X,X,X,,,,X,X,,X,,X,X,X,X,X,,X,X,X,X,X,X,X,X,X,X,X,,X,X,X,X,,,,,,,X,,,,,,,,,X,X
Employee Name 158,,,,,,X,,,,X,,,X,,,,,X,,X,X,X,,,,,,,,,,,,,,X,,,,X,,X,,,,,,,,,,,,,,,,,,,,,,,,,,,,,,,,,,,,,,,,,,,,X,X,,X,,X,,,X,X,X,,X,,X,,,,,,,,X,,,,,X,X,,,,,,,,,,X,,X,,,,,,,X,,X,X,,,,X,,,,,,X,
Employee Name 159,,,,,,X,,X,X,X,,,,,,X,X,X,X,X,X,X,,,,X,X,X,X,X,X,X,X,X,X,X,X,X,X,,X,X,X,X,X,X,X,X,X,X,X,X,X,,,X,X,X,X,X,X,X,X,X,X,X,X,X,X,X,X,X,X,X,X,X,X,X,X,X,X,X,X,,X,X,X,X,X,X,,,,,,,,,,,,X,X,X,,,X,X,X,X,X,X,X,,,X,X,,X,X,X,X,X,X,X,X,X,X,X,X,,X,X,X,X,X,X,X,X,X,X,,X,X,X,X,
Employee Name 16,X,X,,X,X,X,,,X,X,,,X,X,,,X,X,,X,X,X,X,,,,,,,,,,,,,,,,,,,,,,,,,,,,,,,,,,,,,,,,,,,,,,,,,,,,,,,,,,,,,,,,,,,,,,,,,,,,,,,,,,,,,,,,,,,,,,,,,X,X,,,,,,,,,,,,,,,,,,,,,,,,,,
Employee Name 160,,,,,,X,X,,,,X,X,X,,X,X,,,X,X,X,X,,,,X,X,X,X,X,,X,X,X,X,X,,X,X,,,X,X,,,X,X,X,X,X,X,X,X,X,X,X,X,X,X,X,X,X,X,X,X,X,,X,X,,X,X,X,X,X,X,X,X,X,X,X,X,X,,,X,X,X,X,X,X,X,X,X,,X,X,X,,,X,X,,X,X,,X,X,X,X,X,X,X,X,X,,X,,X,,X,X,X,X,,X,X,X,,,,,,,,X,X,X,,,,,X,,,X,X
Employee Name 161,,,,,,X,X,,,X,,X,X,X,,X,X,X,X,X,X,X,,,,X,X,X,X,X,X,X,X,,X,X,X,,X,X,,,X,X,,X,X,X,X,X,X,,X,X,X,X,X,,X,X,X,X,X,X,,X,X,X,X,X,X,X,,,,,X,X,X,X,X,X,X,X,X,,X,X,,X,X,X,X,X,X,,X,,X,,X,X,X,X,,,X,X,,,,,,,,X,X,X,X,X,X,X,X,X,X,X,X,X,X,,,,,,,,,,,,X,X,X,X,X,X,X
Employee Name 162,,,,,,X,X,X,X,X,X,X,X,X,X,X,X,X,X,X,X,X,,,,X,,X,X,X,X,X,X,X,X,X,X,X,X,X,X,X,X,X,X,X,X,X,X,X,X,X,X,X,X,X,X,X,X,,X,X,X,X,,,,,,,X,X,X,X,X,X,X,X,X,X,X,X,X,X,X,X,X,X,X,X,X,X,X,X,X,X,X,X,X,X,X,X,X,X,,,,,,,,X,X,X,X,X,X,X,X,X,X,X,X,X,X,X,X,X,X,,,X,X,X,X,X,X,X,X,X,X,X,X,X,X,X,X
Employee Name 163,,,,,,X,,,,,,,,,,,,,,,,,,,,,,,,,,,,,,,,,,,,,,,,,,,,,,,,,,,,,,,,,,,,,,,,,,,,,,,,,,,,,,,,,,,,,,,,,,,,,,,,,,,,,,,,,,,,,,,,,,,,,,,,,,,,,,,,,,,,,,,,,,,,,
Employee Name 164,,,,,,X,X,X,X,,X,X,X,,,X,X,X,X,X,,,,,,X,X,,X,X,X,X,X,,X,X,X,,,,X,,,X,X,X,X,,,X,,X,X,X,,,,,,,,,,,,,,,,,,,,,,,,,,,,,,,,,,,,,,,,,,,,,,,,,,,,,,,,,,,,,,,,,,,,,,,,,,,,,,,,,,,,,,,,,,,,,
Employee Name 165,,,,,,,X,X,X,X,X,X,X,X,X,X,X,X,,X,X,X,,,,X,X,X,X,X,,,,,,X,X,X,X,X,X,X,X,X,X,X,X,X,X,X,X,X,X,X,X,X,X,X,X,X,X,X,X,X,X,X,X,X,X,X,X,X,X,,,X,X,X,X,X,X,X,X,X,X,X,X,X,X,X,X,X,X,X,X,,X,X,X,X,X,X,X,X,,,X,X,X,X,X,X,X,X,X,,X,X,,X,X,X,X,X,X,X,X,X,,,,X,X,X,X,X,X,X,X,X,,,,,,X,X
Employee Name 166,,,,,,,X,X,X,X,X,X,X,X,X,X,X,X,X,X,X,X,X,,X,X,X,X,X,X,X,X,X,X,X,X,X,X,,,,X,X,X,X,X,X,X,X,X,X,X,X,X,X,X,X,,,,,X,X,X,X,X,X,X,X,X,X,X,X,X,X,X,X,X,X,X,X,X,X,X,X,X,X,X,X,,,,,,X,X,X,X,X,X,X,,X,X,X,,X,X,X,X,X,X,X,X,X,X,X,X,X,,X,X,X,X,X,X,X,X,X,X,,X,X,X,X,X,X,,,,,X,X,X,X,X,X
Employee Name 167,,,,,,,X,,,,,,,,,,,,,,,,,,,,,,,,,,,,,,,,,,,,,,,,,,,,X,,,,,,,,,,,,,,,,,,,,,,,,,,,,,,,,,,,,,,,,,,,,,,,X,,,,,,,X,,,,,,,,,,,,,,,X,,,,,,,,,,,,,,,,,,,,,,,,,,,
Employee Name 168,,,,,,,X,,,,,,X,,,,,,,,,,,,,,,,,,,,,,,,,,,,,,,,,,,,,,,,,,,,,,,,,,,,,,,,,,,,,,,,,,,,,,,,,,,,,,,,,,,,,,,,,,,,,,,,,,,,,,,,,,,,,,,,,,,,,,,,,,,,,,,,,,,,,,
Employee Name 169,,,,,,,X,,,,,,,,,,,,,,,,,,,,,,,,,,,,,,,,,,,,,,,,,,,,,,,,,,,,,,,,,,,,,,,,,,,,,,,,,,,,,,,,,,,,,,,,,,,,,,,,,,,,,,,,,,,,,,,,,,,,,,,,,,,,,,,,,,,,,,,,,,,,
Employee Name 17,X,X,X,X,X,,,,,,X,X,X,X,X,X,X,X,X,X,X,X,,,,X,X,X,X,X,X,X,X,X,X,X,X,X,X,X,X,X,X,,,X,X,X,X,X,X,X,X,X,X,X,X,X,X,X,X,X,X,X,,,,,,,,,,,,,,,,,,,,,,X,X,X,X,X,X,X,X,X,X,X,X,X,X,X,X,X,X,X,X,,X,X,X,X,X,X,X,X,,,,,X,X,X,X,X,X,X,X,X,X,X,X,,X,X,X,X,X,X,X,X,X,X,X,X,X,X,X,X
Employee Name 170,,,,,,,X,,,,,,,,,,,,,,,,,,,,,,,,,,,,,,,,,,,,,,,,,,,,,,,,,,,,,,,,,,,,,,,,,,,,,,,,,,,,,,,,,,,,,,,,,,,,,,,,,,,,,,,,,,,,,,,,,,,,,,,,,,,,,,,,,,,,,,,,,,,,
Employee Name 171,,,,,,,X,,,,,,,,,,,,,,,,,,,,,,,,,,,,,,,,,,,,,,,,,,,,,,,,,,,,,,,,,,,,,,,,,,,,,,,,,,,,,,,,,,,,,,,,,,,,,,,,,,,,,,,,,,,,,,,,,,,,,,,,,,,,,,,,,,,,,,,,,,,,
Employee Name 172,,,,,,,X,,,,,,,,,,,,,,,,,,,,,,,,,,,,,,,,,,,,,,,,,,,,,,,,,,,,,,,,,,,,,,,,,,,,,,,,,,,,,,,,,,,,,,,,,,,,,,,,,,,,,,,,,,,,,,,,,,,,,,,,,,,,,,,,,,,,,,,,,,,,
Employee Name 173,,,,,,,X,,,,,,,,,,,,,,,,,,,,,,,,,,,,,,,,,,,,,,,,,,,,,,,,,,,,,,,,,,,,,,,,,,,,,,,,,,,,,,,,,,,,,,,,,,,,,,,,,,,,,,,,,,,,,,,,,,,,,,,,,,,,,,,,,,,,,,,,,,,,
Employee Name 174,,,,,,,X,,,,,,X,X,X,,,,,,,,,,,,,,,,,,,,,,,,,,,,,,,,,,,,,,,,,,,,,,,,,,,,,,,,,,,,,,,,,,,,,,,,,,,,,,,,,,,,,,,,,,,,,,,,,,,,,,,,,,,,,,,,,,,,,,,,,,,,,,,,,,,,
Employee Name 175,,,,,,,X,,,,,,,,,,,,,,,,,,,,,,,,,,,,,,,,,,,,,,,,,,,,,,,,,,,,,,,,,,,,,,,,,,,,,,,,,,,,,,,,,,,,,,,,,,,,,,,,,,,,,,,,,,,,,,,,,,,,,,,,,,,,,,,,,,,,,,,,,,,,
Employee Name 176,,,,,,,X,,,,,,,,,,,,,,,,,,,,,,,,,,,,,,,,,,,,,,,,,,,,,,,,,,,,,,,,,,,,,,,,,,,,,,,,,,,,,,,,,,,,,,,,,,,,,,,,,,,,,,,,,,,,,,,,,,,,,,,,,,,,,,,,,,,,,,,,,,,,
Employee Name 177,,,,,,,X,,,,,,,,,,,,,,,,,,,,,,,,,,,,,,,,,,,,,,,,,,,,,,,,,,,,,,,,,,,,,,,,,,,,,,,,,,,,,,,,,,,,,,,,,,,,,,,,,,,,,,,,,,,,,,,,,,,,,,,,,,,,,,,,,,,,,,,,,,,,
Employee Name 178,,,,,,,,X,X,X,X,X,X,X,,X,,X,X,X,X,X,,,,X,X,X,X,X,X,X,X,X,X,,X,X,X,,X,X,X,X,X,X,X,X,X,X,,,,,,X,X,X,X,X,X,X,X,X,X,X,X,X,X,,,X,X,X,X,X,X,X,X,X,X,X,X,X,X,X,X,X,X,X,X,X,X,X,X,,X,X,X,X,X,X,X,X,,,,X,X,X,X,X,,X,X,X,X,,X,,X,X,X,X,X,X,X,X,,,,,,X,X,X,X,X,X,X,,X,X,X,,X,X
Employee Name 179,,,,,,,,,X,,X,,,X,X,X,X,,,,X,,,,,X,,,,,,,,,X,,,X,,,,,,,,,,,,,X,,,,,,,,,,,,,,,,X,,X,X,,,,X,,,,X,X,,,,,,,,,,,,,X,X,X,,,,,,,,,,,,,X,,,,,,,,,,,X,X,X,,,,,,X,X,X,X,X,,,X,,,X,X,X,X,X,X,X,X,X,X,X,
Employee Name 18,X,,,,,X,X,X,X,X,,,X,X,,X,,,,,,X,,,,X,,,X,,X,X,X,X,X,X,X,,X,,,,X,X,X,X,,,X,X,,,,,,,X,X,X,,X,,,X,,X,,X,,,,,X,X,,,,X,,X,X,,,,,,,,,,,,,,,,,,,,,,,X,,,,,,,,,,,,,,,,,,,,,,,,,,,,,,,,,,,,X,,,X,,,,
Employee Name 180,,,,,,,,,X,,,,,,,,,,,,,,,,,,,,,,,,,,,,,,,,,,,,,,,,,,,,,,,,,,,,,,,,,,,,,,,,,,X,,,,,,,,,,,,,,,,,,,,,,,,,,,,,,,,,,,,,,,,,,,,,,,,,,,,,,,,,,,,,,,,,,,,,,,,
Employee Name 181,,,,,,,,,,X,,X,X,X,X,X,X,X,,,X,X,,,,X,,X,X,X,X,X,X,X,X,,X,X,X,X,,,,,,,,,,X,X,X,X,X,X,X,X,X,,X,X,X,X,X,,,,,,,X,X,X,,X,X,X,X,X,X,X,,,X,X,X,X,X,X,X,X,X,X,X,X,X,,X,X,X,X,X,X,X,X,,X,X,X,X,X,X,X,X,,,,,,,X,X,X,X,X,X,X,X,X,X,,X,X,X,X,X,X,X,X,X,X,X,X,X,X,X,X
Employee Name 182,,,,,,,,,,X,,,,,,,,,,,,,,,,,,X,X,X,X,,X,,,,X,,X,X,,,,,X,X,X,X,,X,,X,,X,,X,,X,X,,X,,,,,,,,,,,,X,,X,,,,,,,,,,,,,,,,,,,,X,X,X,,,,,,,,,,X,,,,,,X,,,,,,,,,,,,,,,,,,,,,,,,X,,,,,,,,,,
Employee Name 183,,,,,,,,,,,X,X,X,X,X,X,,X,X,X,X,X,,,,,X,X,X,X,X,,X,X,,X,X,X,,,X,X,X,X,,X,X,X,X,X,X,X,,,,,,,,,X,,X,X,X,X,X,X,X,X,X,X,,X,X,X,X,X,X,X,X,X,,X,X,X,X,,,,X,X,X,X,X,X,,X,X,X,X,X,X,X,X,,,X,X,X,X,,X,X,,X,X,X,,X,,X,X,X,X,X,X,,X,X,,X,X,X,X,,X,,,X,,X,X,X,X,X,
Employee Name 184,,,,,,,,,,,X,X,X,X,X,X,X,X,X,X,X,X,,,,,X,X,X,X,X,X,X,,,,X,X,X,,X,X,X,X,X,,,,,X,,X,X,X,,X,,X,X,X,,,X,X,X,X,X,X,,,X,,X,X,,X,X,X,X,X,,X,X,,,X,X,X,X,X,X,X,X,X,X,X,X,X,,X,X,X,,,,,,,,,X,X,X,X,X,X,X,X,X,X,X,X,X,X,X,X,X,X,X,,,X,X,X,X,X,X,,X,X,X,,,,X,X,X
Employee Name 185,,,,,,,,,,,X,X,X,X,X,X,X,X,X,X,X,,,,,,,,,,X,X,X,X,X,X,X,X,X,X,X,X,X,X,X,,,,,,X,X,X,X,X,X,,X,X,,X,X,X,X,X,X,,,,,X,X,X,X,X,X,X,X,,X,X,X,X,X,X,X,X,X,X,X,X,X,X,X,,,,X,X,,X,X,X,X,X,,X,X,,,X,X,X,X,X,X,X,X,,X,X,X,X,X,X,,X,X,X,X,,X,X,X,X,X,X,,,,,X,X,X,X,X,X
Employee Name 186,,,,,,,,,,,,,,,,,X,,,,,,,,,,,,,,,,,,,,,,,,,,,,,,,,,,,,,,,,,,,,,,,,,,,,,,,,,,,,,,,,,,,,,,X,,,,,,,,,,,,,,,,,,,,,,,,,,,,,,,,,,,,,,,,,,,,,,,,,,,,,,,,,,,,
Employee Name 187,,,,,,,,,,,,,,,,,X,,,,,,,,,,,,,,,,,,,,,,,,,X,,,,,,,,,,,X,X,X,X,X,X,X,,,,,,,,X,,,,,,,,,,,X,,,,,,,,,,,,,,,,,,,,,,,,,,,,,,,,,,,,,,,,,,,,,,,,,,,,,,,,,,,,,,,,,,,,,
Employee Name 188,,,,,,,,,,,,,,,,,,,,,X,,,,,,,,,,,,,X,,,,,,X,X,X,X,X,,X,X,X,,,X,X,X,X,X,X,X,X,X,,X,X,X,X,X,X,X,X,X,X,X,X,X,X,,X,X,X,X,X,X,X,X,X,,X,X,X,X,X,,X,X,X,X,X,X,X,X,X,X,X,X,X,X,,X,X,X,X,X,X,X,X,X,X,X,X,X,X,X,,X,X,X,X,X,X,X,,,X,X,X,X,,,,,,,X,X,X,X,,
Employee Name 189,,,,,,,,,,,,,,,,,,,,,X,,,,,X,,,,X,X,,,,X,,,,,X,,,,,X,X,,,,X,,,,,X,,,,,X,X,,,,,,,,,,,,,,X,,,,,X,,,,,,X,,,,X,,,,,X,,,,,X,,,,,X,,,,,,,,,,X,,,,,X,,,,,X,,,,,,,,,,,,,,,,,,,,X,,
Employee Name 19,X,X,,,,X,X,X,X,X,X,X,X,X,X,X,X,X,X,X,X,X,,,,X,X,X,X,X,X,X,X,X,X,X,X,X,X,,X,X,X,X,X,X,X,X,X,X,X,,X,X,X,X,X,X,X,X,X,X,X,X,X,X,X,X,X,X,X,X,X,X,X,X,X,X,X,X,X,X,X,X,X,X,X,X,X,X,X,X,X,X,X,X,X,X,X,,X,X,X,X,,,X,X,X,X,X,X,X,X,X,,,,,,X,,,,,,,,,,,X,X,X,X,X,X,X,X,X,X,X,X,X,X,X,
Employee Name 190,,,,,,,,,,,,,,,,,,,,,,,,,,X,X,X,X,X,X,X,X,X,,X,X,,X,X,X,X,X,X,X,X,X,X,X,,,X,X,X,X,X,X,X,X,X,X,X,X,X,X,X,X,X,X,X,X,X,X,X,X,X,X,X,X,X,X,X,X,X,X,X,X,X,X,X,X,X,X,X,X,X,X,X,X,X,X,X,X,X,,,X,X,X,X,X,X,X,X,X,X,X,X,X,X,X,X,X,X,X,X,X,X,X,X,,,X,X,X,X,X,X,X,X,X,X,X,X,X,X,X
Employee Name 191,,,,,,,,,,,,,,,,,,,,,,,,,,,,X,,,,,X,,,,,,,,,,,,,X,X,X,X,X,X,X,X,,,,,,,,,X,X,X,,X,X,X,X,,X,X,X,X,X,X,X,X,X,,X,,X,X,X,X,X,,X,X,X,,X,X,X,X,X,X,X,X,X,X,X,X,X,,,X,,,,,,X,X,X,X,X,,,X,X,X,X,X,X,X,X,X,X,,X,X,X,X,X,X,X,X,X,X,X,X,,,,X
Employee Name 192,,,,,,,,,,,,,,,,,,,,,,,,,,,,,,,X,,,,,,,,,,,,,,,,,,,,,,,,,,,,,,,,,,,,,,,,,,,,,,,,,,,,,,,,,,,,,,,,,,,,,,,,,,,,,,,,,,,,,,,,,,,,,,,,,,,,,,,,,,,,,,,,,,,X,
Employee Name 193,,,,,,,,,,,,,,,,,,,,,,,,,,,,,,,,,X,X,,X,X,X,X,X,X,X,X,X,X,X,X,X,X,X,X,X,X,X,X,X,X,,X,X,X,X,X,X,X,X,X,X,X,X,X,X,X,X,X,X,X,X,X,X,X,X,X,X,X,X,X,X,X,,X,X,X,X,X,X,X,X,X,X,X,X,X,X,X,,X,X,X,X,,X,X,X,X,X,X,X,X,,,,X,X,X,X,X,X,X,X,,X,X,X,X,X,X,X,X,X,X,X,X,X,X,X,X
Employee Name 194,,,,,,,,,,,,,,,,,,,,,,,,,,,,,,,,,,X,X,,,,X,,,,,,,,,,,,,,,,,,,,,,,,,,,,,,,,,,,,,,,,,,,,,,,,,,,,,,,,,,,,,,,,,,,,,,,,,,,,,,,,,,,,,,,,,,,,,,,,,,,,,,,,,,,,
Employee Name 195,,,,,,,,,,,,,,,,,,,,,,,,,,,,,,,,,,X,,,,,,,,,,,,,,,,,,,,,,,,,,,,,,,,,,,,,X,X,,,,,,,,,,,,,,,,X,,,,,,,,,,,,,,,,,,,,,,,,,,,,,,,,,,,,,,,,,,,,,,,,,,,,,,,,,,,
Employee Name 196,,,,,,,,,,,,,,,,,,,,,,,,,,,,,,,,,,X,,,,,,,,,,,,,,,,,,X,,,,,,,,,,X,,X,,X,,X,,X,X,X,X,X,,X,X,,X,X,X,X,X,X,,X,X,X,X,,X,X,X,X,X,,,X,,X,,,,,,,X,X,X,,X,X,,X,X,,X,X,X,X,,,X,X,,X,X,X,X,,,X,X,X,,,,,,,,X,X,X,X,,
Employee Name 197,,,,,,,,,,,,,,,,,,,,,,,,,,,,,,,,,,,X,,,,,,,,,,,,,,,,,,,,,,,,,,,,,,,,,,,,,,,,,,,,,,X,,,,,,,,,,,,,,,,,,,,,,,,,,,,,,,,,,,,,,,,,,,,,,,,,,,,,,,,,,,,,,,,,,
Employee Name 198,,,,,,,,,,,,,,,,,,,,,,,,,,,,,,,,,,,,,,X,,,,,,,,,,,,,,,,,,,,,,,,,,,,,,,,,,,,,,,,,,,,,,,,,,,,,,,,,,,,,,,,,,,,,,,,,,,,,,,,,,,,,,,,,,,,,,,,,,,,,,,,,,,,,
Employee Name 199,,,,,,,,,,,,,,,,,,,,,,,,,,,,,,,,,,,,,,,,,,,X,,,,,,,,,,,,,,,,,,,,,,,,,,,,,,,,,,,,,,,,,,,,,,,,,,,,,,,,,,,,,,,,,,,,,,,,,,,,,,,,,,,,,,,,,,,,,,,,,,,,,,,,
Employee Name 2,,X,X,,X,X,X,,,,X,X,X,X,X,,X,X,,X,X,X,,,,X,,,,,,X,X,,X,,X,X,X,,X,X,X,X,X,,,,,,X,,X,X,X,,,,,X,,,,,,,X,X,,,,,,X,,X,X,X,X,X,,,X,,X,,,,,X,X,,,,,,,X,,X,X,,,,,,X,X,,X,X,X,,X,,,X,X,X,X,X,,,,X,,,,,,,,X,,,X,X,X,X,X,X,,X,,,,
Employee Name 20,X,X,X,X,X,X,X,X,X,X,X,X,X,X,X,X,,X,X,,X,,,,,,X,X,,X,X,X,X,X,X,X,X,X,X,,X,X,X,X,X,X,X,X,X,X,X,X,,X,X,X,,X,,X,X,,,X,X,,X,,,,,,,,,,,,,,,,,,,,,X,,,,,,,,,,,,,,,,,,,,,,,,,,,,,,,,,,,,,,,,,,,,,,,,,,,,,,,,,,,
Employee Name 200,,,,,,,,,,,,,,,,,,,,,,,,,,,,,,,,,,,,,,,,,,,X,,,,,,,X,,,,,,,,,,,,,,,X,,,,,,,,,,,,,,,,,,,,,,,,,,,,,,X,,,,,,,,,,X,,,,,X,,,,,,,,,,,,,,,,,,,,,,,,,,,,,,X,,,,,,,
Employee Name 201,,,,,,,,,,,,,,,,,,,,,,,,,,,,,,,,,,,,,,,,,,,X,,,,,X,X,X,X,,,X,X,X,,X,,X,X,,X,X,X,X,X,X,X,,X,X,,X,X,X,X,X,X,X,X,,,X,X,X,X,X,X,X,X,,X,X,X,X,X,X,X,X,X,X,X,X,X,,X,X,X,X,X,X,X,X,X,X,X,X,X,X,X,X,X,X,X,X,X,,X,X,,,X,X,X,,,,,,X,X,X,X,X,X,
Employee Name 202,,,,,,,,,,,,,,,,,,,,,,,,,,,,,,,,,,,,,,,,,,,X,,,,,,,,,,,,,,,,,,,,,,,,,,,,,X,X,,,X,X,,,,,X,X,X,X,,X,X,,,X,X,,,,,X,,,,,,,,X,,,,X,,,,X,X,,,,,X,,X,X,,X,,X,X,,,X,,X,,,X,X,X,X,X,,,X,,,,,
Employee Name 203,,,,,,,,,,,,,,,,,,,,,,,,,,,,,,,,,,,,,,,,,,,X,X,,X,,X,X,X,,,,,,,,,,,,,,,,,,,,,,,,,,,,,,,,,,,,,,,,,,,,,,,,,,,,,,,,,,,,X,,,,,,,,,,,,,,,,,,,,,,,,,,,,,,,,,,,,,
Employee Name 204,,,,,,,,,,,,,,,,,,,,,,,,,,,,,,,,,,,,,,,,,,,X,,,,,X,,,,,,,,,,,,,,,,,,,,,,,,,,,,,,,,,,,,,,,,,,,,,,,,,,,,,,,,,,,,,,,,,,,,X,,,,,,,,,,,,,,,,,,,,,,,,,,,,,,,
Employee Name 205,,,,,,,,,,,,,,,,,,,,,,,,,,,,,,,,,,,,,,,,,,,,,X,X,X,,,X,X,X,X,X,,X,,X,,X,X,X,X,X,X,X,X,,X,,X,X,X,X,X,,X,X,,,X,X,X,X,X,,X,X,,,X,,X,,X,X,,,,,,,,,,,,X,,,X,,X,,,,,,,X,X,X,,,,,,,,,,,,,,X,,X,X,X,X,X,,,,,
Employee Name 206,,,,,,,,,,,,,,,,,,,,,,,,,,,,,,,,,,,,,,,,,,,,,,,,X,,,,,,,,X,X,X,X,X,X,X,X,X,X,X,X,X,X,X,X,X,X,X,X,X,X,X,X,X,X,X,X,,X,X,X,X,X,X,X,X,X,X,X,X,X,X,X,X,X,X,X,X,X,,X,X,X,X,X,X,X,X,X,X,,,X,X,X,X,X,X,,X,X,X,X,X,,X,X,X,X,,,X,X,X,X,X,X,X,X,X,X
Employee Name 207,,,,,,,,,,,,,,,,,,,,,,,,,,,,,,,,,,,,,,,,,,,,,,,,X,,X,X,,,X,X,,,,,,X,,X,,,,,,,,X,,X,,,X,,X,,X,X,,,,X,X,,X,,X,X,,X,,,X,,X,,X,X,,X,,X,X,,,,,,,,,,,,,X,X,X,,X,X,X,X,,,,,,,,,,,,,,X,,,,,X,X,
Employee Name 208,,,,,,,,,,,,,,,,,,,,,,,,,,,,,,,,,,,,,,,,,,,,,,,,,,,,,,,,X,X,X,X,X,X,X,X,X,X,X,X,X,X,X,X,X,X,,X,X,X,X,X,,X,X,X,X,X,X,X,X,X,X,,X,X,X,,X,X,,X,X,X,X,X,X,X,,X,X,,X,X,X,X,X,X,,X,X,X,X,X,X,X,,,X,X,X,X,X,,X,X,X,X,X,,X,X,X,X,X,X,X,X,,
Employee Name 209,,,,,,,,,,,,,,,,,,,,,,,,,,,,,,,,,,,,,,,,,,,,,,,,,,,,,,,,,,,,,X,,X,,X,X,,X,,X,X,,X,,,X,,X,,X,X,,X,,X,X,,,X,X,X,,,X,X,X,,X,,X,X,X,,,X,,,X,,X,X,X,,,,,,,,,,,,,,X,,X,,X,,,X,,X,X,,X,,X,X,,X,,X,X,
Employee Name 21,X,X,X,X,X,X,,,,,X,,,,,,,,,,,,,,,,,,,,,,,,,,,,,,,,,,,,X,X,X,,,,,,,,,,,,,,,,,,,,,,,,,,,,,,,,,,,,,,,,,,,,,,,,,,,,,,,X,,,,,,,,,,,,,,,,,,,,,,,,,,,,,,,,,,,,,,,,,,,
Employee Name 210,,,,,,,,,,,,,,,,,,,,,,,,,,,,,,,,,,,,,,,,,,,,,,,,,,,,,,,,,,,,,X,X,X,X,X,X,X,X,X,X,X,X,X,X,X,X,X,X,X,X,X,X,X,X,X,X,X,X,X,X,X,X,X,,X,X,X,X,X,X,X,X,X,X,X,,X,X,X,X,X,X,X,X,X,X,,,X,,,,,,,,,,,,,,,,,,,,,,,,,,,,
Employee Name 211,,,,,,,,,,,,,,,,,,,,,,,,,,,,,,,,,,,,,,,,,,,,,,,,,,,,,,,,,,,,,,,,,X,,,,,,,,,,,X,X,,X,,X,,,,X,,,,,,,,,,,,,,,,X,,,,,,,,,X,,X,,,,,,,X,,,,,,,,X,X,,,,,,,,,X,,X,,,,,X,,,
Employee Name 212,,,,,,,,,,,,,,,,,,,,,,,,,,,,,,,,,,,,,,,,,,,,,,,,,,,,,,,,,,,,,,,,,X,,,,,,,,,,,,,,,,,,,,,,,,,,,,,,,,,,,,,,,,,,,,,,,,,,,,,,,,,,,,,,,,,,,,,,,,,,,,,,,,,,
Employee Name 213,,,,,,,,,,,,,,,,,,,,,,,,,,,,,,,,,,,,,,,,,,,,,,,,,,,,,,,,,,,,,,,,,,X,X,,X,X,X,X,X,X,X,,X,X,X,X,X,X,X,X,X,X,X,,X,X,X,X,,,X,X,X,,X,X,,,,,X,,,X,,X,X,,X,,X,X,X,X,X,X,X,X,X,,,,X,X,X,,,,X,X,X,X,X,X,X,X,,X,X,X,X,X,X
Employee Name 214,,,,,,,,,,,,,,,,,,,,,,,,,,,,,,,,,,,,,,,,,,,,,,,,,,,,,,,,,,,,,,,,,,,X,,,,,,,,,,,,,,,,,,,,,,X,,,,,,,,,,,,,,,X,X,,,,,,,,,,,,,,,,,,,,,,,,,,,X,,,,,,,,,X,,,,,,
Employee Name 215,,,,,,,,,,,,,,,,,,,,,,,,,,,,,,,,,,,,,,,,,,,,,,,,,,,,,,,,,,,,,,,,,,,,,,,,,,,,,,,,,X,,,,,,,,,,,,,,,,,,,,,,,,,,,,,,,,,,,,,,,,,,,,,,,,,,,,,,,,,,,,,,,,,,
Employee Name 216,,,,,,,,,,,,,,,,,,,,,,,,,,,,,,,,,,,,,,,,,,,,,,,,,,,,,,,,,,,,,,,,,,,,,,,,,,,,,,,,,,,,,,,,,,,X,X,X,X,X,X,X,X,X,X,X,X,X,X,X,,X,X,X,X,X,X,X,X,X,X,X,X,,X,X,X,X,X,X,X,X,X,X,,,X,X,X,X,,,,,X,X,X,X,X,X,,
Employee Name 217,,,,,,,,,,,,,,,,,,,,,,,,,,,,,,,,,,,,,,,,,,,,,,,,,,,,,,,,,,,,,,,,,,,,,,,,,,,,,,,,,,,,,,,,,,,,X,X,X,X,X,X,X,X,X,X,X,X,X,X,,X,X,X,,X,X,X,X,X,X,X,X,,X,X,X,X,,,X,X,X,X,X,,X,X,X,X,X,X,X,X,X,X,X,X,X,X,X,X
Employee Name 218,,,,,,,,,,,,,,,,,,,,,,,,,,,,,,,,,,,,,,,,,,,,,,,,,,,,,,,,,,,,,,,,,,,,,,,,,,,,,,,,,,,,,,,,,,,,X,X,X,X,X,X,X,X,X,X,X,,,,,X,X,X,X,X,X,X,X,X,X,X,X,X,X,X,X,X,X,X,,X,X,X,,,X,X,X,X,,X,X,X,X,,X,X,X,,X,
Employee Name 219,,,,,,,,,,,,,,,,,,,,,,,,,,,,,,,,,,,,,,,,,,,,,,,,,,,,,,,,,,,,,,,,,,,,,,,,,,,,,,,,,,,,,,,,,,,,,,,,X,X,X,X,X,X,X,X,X,X,,X,X,X,X,X,X,X,X,X,X,X,X,X,X,,X,X,X,X,X,X,X,X,X,,X,X,X,X,X,X,X,X,X,,,,X,X,X,X
Employee Name 22,,X,X,X,X,X,X,X,X,,,X,X,X,X,X,X,X,X,X,X,X,,,,X,,,,X,X,X,X,X,X,X,X,,X,,X,X,X,X,X,X,X,X,X,X,X,X,X,X,X,X,X,,,,,,,X,X,X,X,X,X,X,X,X,X,X,X,,X,X,X,X,X,X,,,X,X,,X,X,X,,X,X,X,X,X,X,X,X,X,,,X,X,X,,X,,X,X,X,X,X,X,,X,X,X,X,X,X,X,X,X,X,X,X,X,X,X,,X,,X,X,X,X,X,X,X,X,X,X,X,X,X,X
Employee Name 220,,,,,,,,,,,,,,,,,,,,,,,,,,,,,,,,,,,,,,,,,,,,,,,,,,,,,,,,,,,,,,,,,,,,,,,,,,,,,,,,,,,,,,,,,,,,,,,,X,X,X,X,X,X,X,X,X,X,,X,X,X,X,X,X,X,X,X,X,X,X,X,X,,X,X,X,X,,X,X,X,,,,,,,,,,X,X,X,X,X,X,,,X
Employee Name 221,,,,,,,,,,,,,,,,,,,,,,,,,,,,,,,,,,,,,,,,,,,,,,,,,,,,,,,,,,,,,,,,,,,,,,,,,,,,,,,,,,,,,,,,,,,,,,,,,X,X,X,X,,X,X,X,,,X,X,X,X,X,,X,X,X,X,X,X,X,X,,X,X,X,X,X,X,X,X,X,,X,X,X,X,X,X,X,X,X,X,X,X,X,X,X,
Employee Name 222,,,,,,,,,,,,,,,,,,,,,,,,,,,,,,,,,,,,,,,,,,,,,,,,,,,,,,,,,,,,,,,,,,,,,,,,,,,,,,,,,,,,,,,,,,,,,,,,,,,,,X,X,X,X,X,,X,X,,X,X,X,X,X,X,X,X,X,X,X,X,X,,X,,X,X,X,X,X,,X,X,X,X,X,X,X,X,X,X,X,X,X,,,X
Employee Name 223,,,,,,,,,,,,,,,,,,,,,,,,,,,,,,,,,,,,,,,,,,,,,,,,,,,,,,,,,,,,,,,,,,,,,,,,,,,,,,,,,,,,,,,,,,,,,,,,,,,,,X,,X,,X,,,X,,X,X,,X,,X,X,X,X,,X,X,,X,,X,X,,X,,X,,X,X,,X,X,X,X,X,,X,X,X,X,,X,
Employee Name 224,,,,,,,,,,,,,,,,,,,,,,,,,,,,,,,,,,,,,,,,,,,,,,,,,,,,,,,,,,,,,,,,,,,,,,,,,,,,,,,,,,,,,,,,,,,,,,,,,,,,,X,X,X,X,X,,X,X,X,X,X,X,X,X,X,X,X,X,X,X,,X,X,X,,X,X,X,X,X,,X,X,X,,X,X,X,X,X,X,X,X,X,,X,X
Employee Name 225,,,,,,,,,,,,,,,,,,,,,,,,,,,,,,,,,,,,,,,,,,,,,,,,,,,,,,,,,,,,,,,,,,,,,,,,,,,,,,,,,,,,,,,,,,,,,,,,,,,,,X,X,X,X,X,,X,X,X,X,X,X,X,X,X,X,X,X,X,X,X,X,X,X,X,X,X,X,X,,,X,X,X,X,X,X,X,X,X,X,X,X,X,X,X,X
Employee Name 226,,,,,,,,,,,,,,,,,,,,,,,,,,,,,,,,,,,,,,,,,,,,,,,,,,,,,,,,,,,,,,,,,,,,,,,,,,,,,,,,,,,,,,,,,,,,,,,,,,,,,,X,X,X,X,,X,X,X,X,X,X,X,X,X,X,X,X,X,X,X,X,X,X,X,X,X,X,X,,,,X,X,X,X,X,X,X,X,X,,X,X,X,X,X
Employee Name 227,,,,,,,,,,,,,,,,,,,,,,,,,,,,,,,,,,,,,,,,,,,,,,,,,,,,,,,,,,,,,,,,,,,,,,,,,,,,,,,,,,,,,,,,,,,,,,,,,,,,,,X,X,X,X,,X,X,X,X,X,X,,,,,,,,,X,X,X,X,X,X,X,X,X,X,,X,X,X,X,X,X,X,X,X,X,X,X,X,X,X,X
Employee Name 228,,,,,,,,,,,,,,,,,,,,,,,,,,,,,,,,,,,,,,,,,,,,,,,,,,,,,,,,,,,,,,,,,,,,,,,,,,,,,,,,,,,,,,,,,,,,,,,,,,,,,,,,,,,X,X,X,X,X,X,X,X,X,X,X,X,,X,X,X,X,X,X,X,X,X,X,X,,X,X,X,X,X,X,X,X,X,,,,,,,X
Employee Name 229,,,,,,,,,,,,,,,,,,,,,,,,,,,,,,,,,,,,,,,,,,,,,,,,,,,,,,,,,,,,,,,,,,,,,,,,,,,,,,,,,,,,,,,,,,,,,,,,,,,,,,,,,,,,,,,X,X,X,X,X,X,X,X,X,X,X,X,X,X,X,X,X,X,X,X,,X,X,X,X,X,X,X,X,X,,,,,,X,X
Employee Name 23,,X,,,,X,X,X,X,X,X,X,X,X,X,X,X,X,X,X,X,X,X,,X,X,X,X,X,X,X,X,X,X,,X,X,X,X,X,X,X,X,X,X,X,X,X,X,X,,X,X,X,X,X,X,X,X,X,X,X,X,X,X,X,X,X,X,X,X,X,X,,X,,,,,,,,,,,,,,,,,,,,,,,,,,,,,,,,,,,,,,,,,,,,,,,,,,,,,,,,,,,,,,,,,,,,,,,,
Employee Name 230,,,,,,,,,,,,,,,,,,,,,,,,,,,,,,,,,,,,,,,,,,,,,,,,,,,,,,,,,,,,,,,,,,,,,,,,,,,,,,,,,,,,,,,,,,,,,,,,,,,,,,,,,,,,,,,X,X,X,X,X,X,X,X,X,X,X,X,X,X,X,X,X,X,X,X,,X,X,X,X,X,X,X,X,X,X,X,X,X,X,X,
Employee Name 231,,,,,,,,,,,,,,,,,,,,,,,,,,,,,,,,,,,,,,,,,,,,,,,,,,,,,,,,,,,,,,,,,,,,,,,,,,,,,,,,,,,,,,,,,,,,,,,,,,,,,,,,,,,,,,,X,X,X,X,X,X,X,X,X,X,X,X,X,X,,X,X,X,X,X,,X,X,X,X,,X,X,X,X,X,X,X,X,X,X,X
Employee Name 232,,,,,,,,,,,,,,,,,,,,,,,,,,,,,,,,,,,,,,,,,,,,,,,,,,,,,,,,,,,,,,,,,,,,,,,,,,,,,,,,,,,,,,,,,,,,,,,,,,,,,,,,,,,,,,,,,X,X,X,X,X,X,X,X,X,X,X,X,X,X,,X,X,X,,X,X,X,,X,X,,X,X,X,X,X,X,X,X,X
Employee Name 233,,,,,,,,,,,,,,,,,,,,,,,,,,,,,,,,,,,,,,,,,,,,,,,,,,,,,,,,,,,,,,,,,,,,,,,,,,,,,,,,,,,,,,,,,,,,,,,,,,,,,,,,,,,,,,,,,,,,,X,X,X,X,X,X,,X,X,X,X,X,X,X,,X,X,X,X,X,X,X,X,X,X,X,X,X,X,X,X
Employee Name 234,,,,,,,,,,,,,,,,,,,,,,,,,,,,,,,,,,,,,,,,,,,,,,,,,,,,,,,,,,,,,,,,,,,,,,,,,,,,,,,,,,,,,,,,,,,,,,,,,,,,,,,,,,,,,,,,,,,,,,,,,X,,,,,,,,,,,,,,,,,,,,,,,,,,
Employee Name 235,,,,,,,,,,,,,,,,,,,,,,,,,,,,,,,,,,,,,,,,,,,,,,,,,,,,,,,,,,,,,,,,,,,,,,,,,,,,,,,,,,,,,,,,,,,,,,,,,,,,,,,,,,,,,,,,,,,,,,,,,,,,,,X,X,X,,X,,X,X,X,X,X,X,X,X,X,X,X,X,X,X,X,
Employee Name 236,,,,,,,,,,,,,,,,,,,,,,,,,,,,,,,,,,,,,,,,,,,,,,,,,,,,,,,,,,,,,,,,,,,,,,,,,,,,,,,,,,,,,,,,,,,,,,,,,,,,,,,,,,,,,,,,,,,,,,,,,,,,,,X,X,X,X,X,,X,X,X,X,X,X,X,X,,X,,X,X,X,X,X
Employee Name 237,,,,,,,,,,,,,,,,,,,,,,,,,,,,,,,,,,,,,,,,,,,,,,,,,,,,,,,,,,,,,,,,,,,,,,,,,,,,,,,,,,,,,,,,,,,,,,,,,,,,,,,,,,,,,,,,,,,,,,,,,,,,,,,,,,,,,X,X,X,X,X,X,X,X,X,X,X,X,X,,X
Employee Name 238,,,,,,,,,,,,,,,,,,,,,,,,,,,,,,,,,,,,,,,,,,,,,,,,,,,,,,,,,,,,,,,,,,,,,,,,,,,,,,,,,,,,,,,,,,,,,,,,,,,,,,,,,,,,,,,,,,,,,,,,,,,,,,,,,,,,,,,X,X,X,X,X,X,X,X,X,X,X,X,X
Employee Name 239,,,,,,,,,,,,,,,,,,,,,,,,,,,,,,,,,,,,,,,,,,,,,,,,,,,,,,,,,,,,,,,,,,,,,,,,,,,,,,,,,,,,,,,,,,,,,,,,,,,,,,,,,,,,,,,,,,,,,,,,,,,,,,,,,,,,,,,,X,X,X,X,X,X,X,,,X,,X
Employee Name 24,,X,X,X,X,X,,X,,,X,X,,,,X,X,X,,X,,X,,,,X,X,X,X,,X,X,X,X,,,X,X,X,X,X,X,X,X,X,,X,X,X,X,X,X,X,,,X,X,X,X,X,X,X,X,X,X,X,X,X,X,X,X,X,X,X,,X,X,X,X,X,X,X,,X,X,X,X,X,X,,X,X,X,X,,X,X,X,X,,X,X,X,X,X,,X,X,X,X,X,X,X,X,X,X,X,X,,X,X,X,X,X,,X,X,X,X,X,,,,,,X,X,X,X,X,X,X,X,,,X,X
Employee Name 240,,,,,,,,,,,,,,,,,,,,,,,,,,,,,,,,,,,,,,,,,,,,,,,,,,,,,,,,,,,,,,,,,,,,,,,,,,,,,,,,,,,,,,,,,,,,,,,,,,,,,,,,,,,,,,,,,,,,,,,,,,,,,,,,,,,,,,,,,X,X,X,X,X,X,X,X,X,X,X
Employee Name 241,,,,,,,,,,,,,,,,,,,,,,,,,,,,,,,,,,,,,,,,,,,,,,,,,,,,,,,,,,,,,,,,,,,,,,,,,,,,,,,,,,,,,,,,,,,,,,,,,,,,,,,,,,,,,,,,,,,,,,,,,,,,,,,,,,,,,,,,,,,,,,,,,X,X,
Employee Name 25,,X,X,X,X,X,X,X,X,X,X,X,X,X,X,X,X,X,X,X,X,X,,,,X,X,X,X,X,X,X,X,X,X,X,X,X,X,X,X,X,X,X,X,X,X,X,X,X,X,X,X,X,X,X,X,X,X,X,X,X,X,X,X,X,X,X,X,X,X,X,X,X,X,X,X,X,X,X,X,X,X,X,X,X,X,X,X,X,X,X,X,X,X,X,X,X,X,X,X,X,,X,X,,X,X,X,X,X,X,X,X,X,X,X,,X,X,X,X,X,X,X,X,X,X,X,X,,X,X,X,X,X,X,X,X,X,X,X,X,X,X,X,X
Employee Name 26,,X,X,X,X,X,X,X,X,X,X,X,X,X,X,X,X,,X,X,X,X,X,,,X,X,X,X,X,X,X,X,X,X,X,X,X,X,,,X,X,X,X,X,X,X,X,X,X,X,X,X,X,X,X,X,X,,,,,X,X,X,X,X,X,X,X,X,X,X,X,X,X,X,X,X,X,X,X,X,X,X,X,X,X,X,X,X,X,X,X,X,X,X,X,X,X,X,X,X,X,,X,X,X,X,X,X,X,X,X,X,X,X,X,X,X,X,X,X,X,X,X,X,X,X,,X,X,X,,,,X,X,X,X,X,X,,X,X,X
Employee Name 27,,X,X,X,X,X,X,X,X,X,X,X,X,X,X,X,X,X,X,X,X,X,X,,X,X,X,X,X,X,X,X,X,X,X,X,X,X,X,X,X,X,X,X,,X,X,X,X,X,X,X,X,X,X,X,X,X,X,X,X,X,X,X,X,X,X,X,X,X,,X,X,X,X,X,X,X,X,X,X,X,X,X,X,X,X,X,X,X,X,X,X,X,X,X,X,X,X,,,,,,,,X,X,X,X,X,X,X,X,X,X,X,X,X,X,X,X,X,X,X,X,,,X,X,,X,X,X,X,X,X,X,X,,X,X,X,X,X,X,
Employee Name 28,,X,X,X,X,X,X,X,,,X,X,X,X,X,X,X,X,X,,,,,,,X,X,X,X,X,X,X,,X,X,X,X,X,X,,X,X,X,X,X,X,X,,,,X,X,X,X,X,X,X,X,X,X,X,X,X,X,,X,X,X,X,X,X,X,X,X,,X,X,X,X,,X,X,X,X,,X,X,X,X,X,X,,X,X,,X,X,X,X,X,X,X,X,X,X,,,,X,X,X,X,X,X,X,X,X,X,X,,X,X,X,X,X,X,X,X,,X,,,X,X,X,X,X,X,X,X,X,X,,,,X,X
Employee Name 29,,X,,X,X,X,X,X,X,X,X,X,,X,X,X,,X,,X,X,X,,,,X,,X,X,,X,X,,X,X,X,X,X,,X,X,X,X,X,X,X,X,X,X,X,X,X,X,,X,X,X,,X,X,X,X,X,,,X,X,X,,X,X,X,X,X,X,X,X,X,,X,X,,X,X,X,X,X,,X,X,,,,,,X,X,X,X,,X,X,X,X,X,,X,X,X,,X,X,X,X,X,X,X,X,X,,X,X,X,X,X,X,X,X,X,,,X,X,X,,X,X,X,X,X,X,X,X,X,X,X,X
Employee Name 3,,X,X,X,X,X,,,,,,X,X,X,,X,X,X,X,,X,X,X,,,X,X,,X,,X,X,,,,X,X,X,X,,X,X,X,,,X,X,X,,,X,X,,,,,X,X,X,X,,,,,,,,,,,X,X,X,X,,X,,X,X,,X,,X,X,X,X,X,X,X,,X,X,X,,,X,X,X,X,,,,,,,,,,X,,,X,X,X,,X,X,X,X,,X,X,X,X,,,,,,,,,,,,X,X,X,X,X,,,,,,,
Employee Name 30,,X,X,X,,X,X,X,X,X,X,X,X,X,X,X,X,X,X,X,X,X,,,,X,X,X,X,X,X,X,X,X,X,X,X,X,X,,X,X,X,X,X,X,X,X,X,X,,,,X,X,X,X,X,X,X,X,X,X,X,X,X,X,X,X,X,X,X,X,X,X,X,X,X,X,X,X,X,X,X,X,X,,X,X,X,X,,X,X,,X,X,X,X,X,X,X,X,X,,,X,X,X,X,X,X,X,X,X,X,X,X,X,X,X,X,X,X,X,X,X,X,X,,,,,X,X,X,X,X,X,X,,,,,,,X
Employee Name 31,,X,X,X,X,X,X,X,X,X,X,X,X,X,X,X,X,X,X,X,X,X,X,,,X,X,X,X,X,X,X,X,X,X,,X,X,X,X,X,X,X,X,X,X,X,X,X,X,,X,X,X,X,X,X,X,X,X,X,X,,X,X,X,X,X,X,X,X,X,X,X,X,,X,X,X,X,X,X,X,X,X,X,X,X,X,X,X,X,,X,X,X,X,X,X,X,X,X,X,X,X,,X,X,X,X,X,X,X,X,X,X,X,X,X,X,X,X,X,X,X,X,X,X,X,X,,X,X,X,X,X,X,X,X,X,,,,,,,
Employee Name 32,,X,X,X,X,,X,X,X,X,X,X,X,X,X,X,X,X,X,X,X,X,,,,X,X,X,X,X,X,X,,X,X,X,X,X,X,X,X,X,,,,X,X,X,X,X,X,X,X,X,X,X,X,X,X,X,X,,,X,,X,X,X,X,X,X,X,X,X,X,X,X,X,X,X,X,X,X,X,X,X,X,X,X,X,X,X,X,X,X,,X,,,,,,,X,X,,X,X,X,X,X,X,X,X,X,X,X,X,X,X,,,,,,X,X,X,,,,X,X,X,,,X,X,X,X,X,X,X,X,X,X,
Employee Name 33,,X,X,X,,X,X,X,X,X,X,X,X,X,X,X,X,X,X,X,X,X,X,X,X,X,X,X,X,X,X,X,X,X,X,X,X,X,X,X,X,X,X,X,X,X,X,X,X,X,X,X,X,X,X,X,X,X,X,X,X,,X,X,X,X,X,X,X,X,X,,,,,,,X,X,X,X,X,X,X,X,X,X,X,X,X,,X,X,X,X,X,X,X,X,X,X,,X,X,X,,X,X,X,,,,,,,X,X,X,X,X,X,X,X,X,X,X,X,X,X,X,,X,X,X,X,X,X,X,X,X,X,X,X,X,X,,X
Employee Name 34,,X,X,X,,,,X,X,X,X,X,X,X,X,X,,X,X,X,X,X,,,,X,X,X,X,X,X,X,X,X,X,X,X,X,,,X,X,X,,X,X,X,X,X,X,X,X,X,X,,X,X,X,X,X,X,X,,X,,X,X,X,X,X,X,X,X,X,X,X,X,,X,X,X,X,X,,,,,,,,,,,X,X,X,X,X,X,,X,,X,X,,,X,,X,X,X,X,X,X,X,X,X,X,X,X,,X,X,X,X,,X,X,X,X,,X,X,X,,X,X,X,X,X,X,X,X,X,X,X,X
Employee Name 35,,X,X,X,X,X,X,X,X,X,X,X,X,X,X,X,X,X,X,X,X,X,X,,,X,X,X,X,X,X,X,X,X,,,X,X,X,X,X,X,X,X,X,X,X,X,X,X,X,X,X,,,X,X,X,,X,X,X,X,X,X,,X,,,,X,X,X,X,X,X,X,X,X,,X,X,X,X,,X,X,X,,,X,X,X,X,X,X,X,X,X,X,X,X,X,X,,,,X,X,X,,X,X,X,X,X,X,X,X,X,,,,,,,X,X,X,X,,,,,,,,,X,X,X,X,X,X,X,,
Employee Name 36,,X,X,X,X,,,X,X,X,X,,X,X,,X,,X,X,X,X,X,,,,X,X,X,X,X,X,,,X,,X,X,X,,,X,X,X,X,X,,X,X,,X,,X,X,X,X,X,,X,X,X,X,,,,X,,,,,,X,X,X,X,X,X,X,X,X,X,X,X,,X,X,X,X,,X,X,X,X,X,X,X,X,X,X,X,X,,,X,X,X,,X,X,X,,X,X,X,X,X,X,X,,,X,X,X,X,X,X,X,X,X,X,,,X,X,X,,X,X,X,X,X,X,,X,X,,,
Employee Name 37,,X,X,X,X,X,X,X,X,X,X,X,X,X,X,X,X,X,X,X,X,X,,,,X,X,X,X,X,X,X,X,X,X,X,X,X,X,,X,X,X,X,X,X,X,X,X,X,X,X,X,X,X,,X,X,X,X,X,X,X,X,X,X,X,X,X,X,X,X,X,X,X,X,X,X,X,X,X,X,X,X,X,,X,X,X,X,X,X,X,X,X,X,X,X,X,X,X,X,X,X,X,,X,X,X,X,X,X,X,X,X,X,X,X,X,X,X,X,X,X,X,X,X,X,X,,,X,X,X,X,X,X,X,X,X,X,X,X,X,X,X,X
Employee Name 38,,X,,X,X,X,X,X,X,X,X,X,X,X,X,X,X,,,,X,X,X,X,X,X,X,X,X,X,X,X,X,X,X,X,X,X,X,X,X,X,X,X,X,X,X,X,X,,,X,X,X,X,X,X,X,X,X,X,X,X,X,X,X,X,X,X,X,X,X,X,X,X,X,X,X,X,X,X,X,X,X,X,X,X,X,X,X,X,X,X,X,X,X,X,X,X,X,X,X,X,X,,,X,X,X,X,X,X,X,X,X,X,X,,X,X,,X,X,X,X,X,X,,,,X,,,,,,X,X,X,X,X,X,X,X,X,X,X
Employee Name 39,,X,X,X,X,X,X,X,X,X,X,X,X,X,X,X,X,X,X,X,X,X,,,,X,X,,X,X,X,X,X,X,X,X,,,,X,X,X,,X,X,X,,X,,,X,X,X,X,X,X,X,X,X,X,X,X,X,,,X,X,X,X,X,X,X,X,X,X,X,X,X,X,X,X,X,X,X,X,X,X,X,X,X,X,X,X,X,X,X,X,X,X,X,X,X,X,X,X,,X,X,X,X,X,X,X,X,X,X,X,X,X,X,X,X,X,X,,,X,X,X,X,,X,,,,,X,X,X,X,X,X,X,X,X,X,X
Employee Name 4,X,X,X,X,,X,X,X,X,X,X,X,X,X,,X,X,X,X,X,X,X,X,,,,X,X,X,X,X,X,X,X,X,X,X,X,X,X,X,X,X,X,X,X,X,X,X,X,,,,,,X,,,X,X,X,X,X,X,X,X,X,X,X,X,X,X,X,X,,X,X,X,X,X,X,X,X,X,X,X,X,X,X,X,X,X,X,X,X,X,X,X,X,X,X,X,X,X,X,,X,X,X,X,X,X,X,X,X,X,X,X,X,X,X,X,X,X,X,X,X,X,X,X,,X,X,X,X,X,X,X,X,X,X,X,X,X,X,X,
Employee Name 40,,X,X,X,X,X,X,X,X,X,X,X,X,X,X,X,X,X,X,X,X,X,,,,X,X,X,X,X,X,X,X,X,X,,X,X,X,X,X,X,X,X,X,X,X,X,X,X,X,X,,X,X,X,X,X,X,X,X,X,X,X,X,X,X,,,,X,X,X,X,X,X,X,X,X,X,X,,X,X,X,X,X,X,,,,,,X,X,X,,,X,X,X,,,,,,X,X,X,X,,,X,X,,,X,X,X,X,X,X,X,X,X,X,,X,X,X,,X,X,X,X,,X,,,X,X,X,X,,,,
Employee Name 41,,X,X,X,X,,X,X,X,X,X,X,X,X,X,X,X,X,X,X,X,X,,,,X,X,X,X,X,X,X,X,X,X,X,X,X,X,X,X,X,X,X,X,X,X,X,X,X,X,X,X,X,X,X,X,X,X,X,X,X,X,X,X,X,X,X,X,X,X,X,X,X,X,X,X,X,X,X,X,X,X,X,X,X,X,X,X,X,X,X,X,X,X,X,X,,X,X,X,X,X,,,,,X,X,X,,X,X,X,X,X,X,X,X,X,X,X,X,X,X,X,X,X,X,X,,X,X,X,X,X,X,X,X,X,X,X,X,X,X,X,X
Employee Name 42,,X,X,X,X,X,X,X,X,X,X,X,X,X,X,X,X,X,X,X,X,X,,,,X,X,X,,X,X,X,X,X,,,X,,X,X,X,X,X,X,X,X,X,X,X,X,X,X,X,X,X,X,X,X,X,X,X,X,X,X,X,X,X,X,X,X,X,X,X,X,X,,,,,,,,,,,,,,,,,,,,,,,,,,,,,,,,,,,,,,,,,,,,,,,,,,,,,,,,,,,,,,,,,,,,,,,,
Employee Name 43,,X,X,X,X,X,X,X,X,X,X,X,X,X,X,X,X,X,X,X,X,X,,,,X,X,X,X,X,X,X,X,X,X,X,X,X,X,X,X,X,X,X,X,X,X,X,X,X,X,X,,X,X,X,X,X,X,X,X,X,X,X,X,,,,,,X,X,X,X,X,X,X,X,X,X,X,X,X,X,X,X,X,X,X,X,X,X,X,,X,X,X,X,X,X,X,X,X,X,X,,,,,,,,,,,X,X,X,X,X,X,X,X,X,X,X,X,X,X,X,,X,X,X,X,X,X,X,X,X,X,X,X,X,X,X,X
Employee Name 44,,X,X,X,X,X,X,X,X,,,X,X,X,X,X,X,X,X,X,X,X,,,,X,X,X,X,X,X,X,X,X,X,X,,X,X,X,X,,X,X,X,X,X,X,X,X,X,X,X,X,X,X,X,X,X,,X,X,X,X,X,X,X,X,X,X,X,X,X,X,X,X,X,X,X,X,,,,,,,,,,,,,,,,,,,,,,,,,,,,,,,,,,,,,,,,,,,,,,,,,,,,,,,,,,,,,,,,,,,
Employee Name 45,,X,X,X,,,X,X,X,X,X,X,X,X,X,X,X,X,X,X,X,X,,,,X,,X,X,X,,X,X,X,X,X,X,X,X,X,X,X,X,X,X,X,X,X,X,X,X,X,X,,X,X,,X,X,X,X,X,X,X,,X,X,X,X,X,X,X,X,X,X,X,X,X,X,X,,X,X,X,X,X,X,X,X,X,X,X,X,X,X,X,X,X,X,X,X,X,X,X,X,,X,X,X,,X,X,X,X,X,X,X,X,X,X,X,X,X,X,X,X,X,X,X,X,,X,X,X,X,X,X,X,X,X,X,X,X,X,X,X,X
Employee Name 46,,X,X,X,X,X,,,X,X,X,X,X,X,X,X,X,X,X,X,X,X,,,,X,X,,X,X,X,X,X,X,X,X,X,X,X,X,X,X,X,X,X,X,X,X,X,X,X,X,X,X,X,,X,X,X,X,X,X,X,X,,,,,,,X,X,X,X,X,X,X,X,X,X,X,X,X,,X,X,X,X,X,X,X,X,X,,,X,X,X,X,X,X,X,X,X,,,,,,,,,,,,,X,X,X,X,X,X,,X,X,X,X,X,X,X,,X,X,X,X,X,X,X,X,X,X,X,X,X,X,X,
Employee Name 47,,X,X,X,,X,,,,,,,,,,X,X,X,X,X,X,X,,,,X,X,X,X,X,X,X,X,X,X,X,X,X,X,X,X,X,X,X,X,X,X,X,X,X,X,X,,,,X,X,X,X,,X,X,X,X,X,X,X,X,X,,X,X,X,X,X,X,X,X,X,X,X,X,X,X,X,X,X,X,X,X,X,X,X,X,X,X,X,X,X,X,X,X,X,,,,,X,X,X,X,X,X,X,X,X,X,X,X,X,X,X,X,X,X,X,X,X,X,X,,,X,X,X,X,X,,,,,X,X,X,X,X,X
Employee Name 48,,X,X,X,X,X,X,X,X,X,X,X,X,,,,X,,X,X,X,X,,,X,X,X,X,X,X,X,X,X,X,X,X,X,X,X,X,X,X,X,X,X,X,X,X,X,X,X,X,X,X,X,,X,X,X,X,X,X,X,X,,,,,,,,X,X,X,X,X,X,X,X,X,X,X,X,X,X,X,X,X,X,X,X,X,X,X,,X,X,X,X,X,X,X,X,X,X,,X,X,X,X,,X,X,X,X,X,X,X,X,,X,X,X,X,X,X,X,X,X,X,,X,X,X,X,X,X,X,X,X,,,,,,X,
Employee Name 49,,X,X,X,X,X,X,X,X,X,X,X,X,X,X,X,X,X,X,X,X,X,,,,,,,,,,,,X,X,X,X,X,X,X,X,X,,X,X,X,X,X,X,X,X,X,X,X,X,X,X,X,X,X,X,X,X,X,X,X,X,X,X,X,X,X,X,X,X,X,X,X,X,X,X,X,X,X,X,X,X,X,X,X,X,X,X,X,X,X,X,X,X,X,X,X,X,X,X,,X,X,X,X,X,X,X,X,X,X,X,X,X,X,X,,X,X,X,X,X,X,X,X,,X,X,X,X,X,X,X,X,X,X,X,X,X,X,X,X
Employee Name 5,X,X,X,X,,X,X,X,X,X,X,X,X,X,,X,X,X,X,X,X,X,X,,X,X,X,X,X,X,X,X,X,X,X,X,X,X,X,X,X,X,X,X,X,X,X,X,X,X,X,X,X,X,X,X,X,X,X,X,X,X,X,X,X,X,X,X,X,X,X,X,X,X,,X,X,X,X,X,X,X,X,X,X,X,X,X,X,X,X,X,X,X,X,X,,X,X,X,X,X,X,X,X,,X,X,X,X,X,X,X,X,X,X,X,X,X,X,X,X,X,X,X,X,X,X,X,X,,X,X,X,X,X,X,X,X,X,X,X,X,X,X,X,
Employee Name 50,,X,,X,X,X,X,X,X,X,X,X,X,X,X,X,X,X,X,X,X,X,,,,X,X,X,,X,X,X,X,X,X,,X,X,X,X,X,X,X,X,X,X,X,X,X,X,X,X,X,X,X,X,,X,X,X,X,X,X,X,X,X,X,X,,,,X,X,X,X,X,X,X,X,X,X,X,X,X,X,X,X,X,X,X,X,X,X,X,X,X,X,X,X,X,X,X,X,X,X,,,X,X,X,,X,X,,,X,X,,,,,,,,,,,,,,,X,X,X,X,X,X,X,X,X,X,X,X,X,,X,X
Employee Name 51,,X,X,X,X,X,X,X,X,X,X,X,X,X,X,X,X,X,X,X,X,X,,,,X,X,X,X,X,X,X,X,X,X,,X,X,X,X,X,X,X,X,X,X,X,X,X,X,X,X,X,X,X,X,X,X,X,X,X,X,X,X,X,X,X,X,X,X,X,X,X,X,X,X,X,X,X,X,X,X,X,X,X,X,X,X,X,,X,X,X,X,X,X,X,X,X,X,X,X,X,X,X,,X,,X,X,X,X,X,X,X,X,X,X,X,X,X,X,X,X,X,X,X,X,X,,,X,X,X,X,X,X,X,X,X,X,X,X,X,X,,
Employee Name 52,,X,X,X,X,X,,,,,X,X,X,X,X,X,X,X,X,X,X,X,,,,X,X,X,X,X,X,X,X,X,,X,X,,X,,X,X,X,X,X,X,,,X,X,X,X,X,X,,X,X,X,X,X,,,,,,X,X,,X,X,X,X,X,X,,X,X,X,X,,X,X,X,X,X,X,X,X,X,X,X,X,X,X,X,X,X,,X,X,X,X,X,X,X,,,X,X,X,X,X,X,X,X,X,X,X,,X,X,X,X,,,X,X,X,X,,,X,X,X,X,,X,X,X,X,X,,X,X,X,,
Employee Name 53,,X,X,X,X,X,X,X,,,X,X,X,X,X,X,X,X,X,X,X,X,,,,X,X,X,X,X,,X,X,X,X,X,X,X,X,X,X,,,,,X,X,X,X,X,X,X,X,X,X,X,,X,X,X,X,X,X,X,,,,,,,X,X,X,X,X,X,,X,X,X,X,X,X,X,,X,X,X,X,X,X,X,X,,,X,X,X,X,X,X,X,X,X,X,,X,X,X,X,X,X,X,X,X,,X,X,,,X,X,X,X,,X,X,X,X,,,,X,X,X,X,X,X,X,X,X,X,X,X,X,X,X
Employee Name 54,,X,X,,,X,X,,X,X,X,,,,,X,X,X,X,X,X,X,,,,X,X,,,,X,X,X,X,X,X,X,X,X,,X,,,X,,X,X,X,X,X,X,X,,X,X,X,X,X,X,X,X,X,X,X,X,X,X,,X,X,X,X,X,X,X,X,X,X,X,X,,X,,X,X,X,X,,X,X,X,X,X,X,X,,,,,,,,,,,,,,,,,,,,X,X,X,,X,,X,X,X,X,X,,X,,X,X,,X,X,X,X,X,X,X,X,X,X,X,X,X,X,X,X
Employee Name 55,,X,X,X,X,,,,,X,X,X,X,X,X,,,X,X,,,,,,,X,X,X,X,X,X,X,X,X,X,X,X,X,X,X,X,X,X,X,X,,,X,,X,X,X,X,X,X,X,X,X,X,,X,X,X,,X,X,X,X,X,X,X,X,X,X,X,X,X,,X,X,X,X,X,X,,X,X,X,X,X,,,,,,X,X,X,X,X,X,X,X,,X,,X,X,X,X,X,X,,X,X,X,X,X,X,X,X,X,X,X,X,,,,,,,,,,,X,X,X,X,,X,X,,X,X,X,X
Employee Name 56,,X,X,X,,X,X,X,X,,,X,X,X,X,X,X,X,X,X,X,X,,,,X,X,X,X,X,X,X,X,X,X,X,X,X,X,X,X,X,X,X,X,X,X,X,X,X,X,X,X,X,,,,,,,X,X,X,X,X,X,X,X,,,X,X,X,X,X,X,X,X,X,X,X,X,X,X,X,X,X,X,X,X,X,X,X,X,X,X,X,X,X,X,X,X,X,X,X,,X,X,X,X,X,X,X,X,X,X,X,X,X,X,X,X,X,,,X,X,X,,,,X,,X,X,X,X,X,X,X,X,X,X,X,X,X,X
Employee Name 57,,X,X,X,X,X,X,X,X,X,,X,X,X,X,X,X,X,X,X,X,X,X,,X,X,X,X,X,X,X,X,X,X,X,X,X,X,X,X,,X,X,X,X,X,X,X,X,X,X,X,X,X,X,,,,X,X,X,,X,X,X,X,X,X,,X,X,X,X,X,X,X,X,X,X,X,X,X,X,X,X,X,X,X,X,X,,X,X,X,X,X,X,X,X,X,X,X,X,X,X,,X,X,X,,,X,X,X,X,X,X,X,X,X,X,X,X,X,X,X,X,,,,,X,X,X,X,X,X,X,X,X,X,X,X,,,,X
Employee Name 58,,X,X,X,X,X,X,X,X,X,X,X,X,X,X,X,X,X,X,X,,,,,,,,,,,,X,X,X,X,X,X,X,X,X,X,X,X,X,X,X,X,X,X,X,X,X,X,X,X,X,X,X,,X,,,X,X,X,X,X,X,,,X,X,X,X,X,X,,X,X,X,X,,,,,X,X,X,X,X,,X,X,X,X,X,X,X,X,X,X,X,X,X,X,,X,,,,,X,X,X,X,,,,X,X,,,,X,,X,X,X,X,X,,X,X,X,X,X,X,X,X,X,X,X,X,X,X,X,X
Employee Name 59,,X,X,X,X,X,X,X,X,X,X,X,X,X,X,X,X,X,X,X,X,X,,,X,X,X,X,X,X,X,X,X,X,X,X,X,X,X,X,X,X,X,X,X,X,X,X,X,X,X,X,X,X,X,,X,X,X,X,X,X,X,X,X,,,,,,X,X,X,X,X,X,X,X,X,X,X,X,X,X,X,X,X,,X,X,X,X,X,X,X,X,X,X,X,X,X,X,X,,,,,,X,X,X,X,X,X,X,X,X,X,X,X,X,X,X,X,,,,,,,,X,X,,,X,X,X,X,X,X,X,X,X,,X,X
Employee Name 6,,X,X,X,X,,,,,X,,,,,,X,X,X,X,X,X,X,,,,X,X,X,X,X,X,,X,,X,X,X,X,X,X,X,X,X,X,X,X,X,X,X,X,X,X,X,X,X,X,X,X,X,,X,X,X,X,X,X,X,X,X,X,X,X,X,,X,X,X,X,X,X,X,X,X,X,X,X,X,X,X,X,X,X,X,X,X,X,X,X,,,,X,X,X,X,X,X,X,X,X,X,X,X,X,X,X,X,X,,X,X,X,X,X,X,X,X,X,X,X,,X,X,X,X,X,X,X,X,X,X,X,X,X,X,,
Employee Name 60,,X,X,X,X,X,X,X,X,X,X,X,X,X,,X,X,X,X,X,X,X,X,,,X,X,X,X,X,X,X,X,X,X,X,X,X,X,X,X,X,X,X,X,X,X,X,X,X,X,X,X,X,X,X,X,X,X,X,X,X,X,X,X,,,,,,X,X,X,X,,X,X,X,X,X,X,X,X,X,X,X,X,X,X,X,X,X,X,X,X,X,X,X,X,X,X,X,X,X,X,,X,X,X,X,X,X,X,X,X,X,X,X,X,X,X,X,X,X,X,X,X,X,X,,,X,X,X,X,X,X,X,X,X,X,X,X,X,X,X,X
Employee Name 61,,X,X,X,X,X,X,X,,X,X,X,X,X,X,X,X,X,X,X,,X,,,,X,X,X,X,,X,X,,X,X,X,X,X,X,,X,X,X,X,X,X,X,X,X,X,X,X,,X,X,X,X,X,X,X,,,,,,X,X,X,X,X,X,X,,,X,,X,X,X,X,X,X,X,X,X,X,X,,X,X,X,X,X,X,X,,X,X,,X,X,X,X,X,X,,X,X,X,X,X,X,X,X,X,,X,X,X,X,X,X,X,X,X,,X,,,X,,X,X,X,X,X,X,X,X,,X,X,X,X,,X,
Employee Name 62,,X,X,X,X,X,X,X,X,,,X,X,X,X,X,X,X,X,X,,,,,,,,,X,X,X,X,X,X,,,X,X,X,,X,,,,,,,,X,,X,X,,X,,X,X,X,X,,,X,X,X,X,,,,,,X,X,X,X,,X,X,X,X,X,X,X,X,X,X,X,,,,,,X,X,X,X,X,X,X,X,X,X,X,X,X,,,X,,,,X,X,,,,X,X,X,X,X,X,X,X,X,X,X,,X,X,X,,X,X,X,X,X,X,X,X,,X,X,X,X,X,,
Employee Name 63,,X,X,,X,X,X,X,X,X,X,X,X,X,X,X,X,X,X,X,,X,,,,X,X,X,X,,,,,,,,,,,,X,X,X,X,X,X,X,X,X,X,X,X,X,X,,X,X,X,X,,,,,X,X,X,,X,X,X,X,,X,X,X,X,X,X,X,X,X,X,,X,X,X,,X,X,X,X,X,X,X,X,X,,X,X,X,X,X,X,X,X,,X,X,X,,,,,,X,X,X,X,X,X,X,X,X,X,X,X,X,X,X,X,,,X,X,X,X,,X,,,X,,X,,X,,X
Employee Name 64,,X,X,X,,,,X,X,X,X,,X,,,,,X,X,X,X,X,X,,,X,X,X,X,X,X,,X,X,,X,X,X,,,X,,X,,X,X,X,,,,X,X,X,X,X,X,X,,,,X,X,X,X,X,X,X,X,X,,X,X,,X,X,X,X,X,X,,X,X,X,X,,X,X,X,X,X,X,,X,X,X,X,X,X,X,X,X,X,,X,X,,X,X,X,X,X,,,,,X,X,X,X,X,X,X,X,X,X,X,X,X,X,X,,,,,,X,X,X,X,X,,,,,,X,X
Employee Name 65,,X,X,X,X,X,X,X,X,X,X,X,X,X,X,X,X,X,X,X,X,X,,,,,,X,X,X,X,X,X,X,X,X,X,X,X,X,X,X,X,,X,X,X,X,X,X,X,X,X,X,X,X,X,X,X,X,X,X,X,X,X,X,X,X,X,X,X,X,X,X,X,X,X,,X,X,X,X,X,X,X,X,X,X,X,X,,X,X,X,X,X,X,X,X,X,X,X,X,X,X,,X,X,X,X,X,X,X,X,X,X,X,X,X,X,X,X,X,X,X,X,X,,X,X,,,,,,X,X,X,X,X,X,X,X,X,X,X,
Employee Name 66,,X,X,X,X,X,X,X,X,,X,X,X,X,X,X,X,X,,,X,X,,,,X,X,X,X,X,X,X,X,X,X,X,,,,,,X,X,X,X,,X,X,X,,X,X,X,X,X,X,X,X,X,X,X,X,X,X,X,,X,X,X,X,,X,X,X,X,X,X,X,,,X,X,X,X,X,X,X,X,X,X,X,X,X,X,,X,X,X,X,X,X,X,X,X,X,,X,X,X,X,X,X,X,X,X,X,X,X,X,X,X,X,X,X,X,X,X,X,X,X,,X,X,X,X,,X,X,X,X,X,X,,X,,,
Employee Name 67,,X,X,X,X,X,X,X,X,X,X,,,,,X,X,X,X,X,X,X,,,,X,X,X,X,X,X,X,X,X,X,X,X,X,X,X,X,X,X,X,X,X,X,X,X,X,X,X,X,X,,X,X,X,X,,X,X,X,X,,X,X,X,X,X,X,X,X,X,X,X,X,X,X,,X,X,X,X,,X,X,X,,,,,,,,X,X,X,X,X,X,X,X,X,,,X,X,X,X,X,,X,,,X,X,X,X,,X,X,X,X,,X,X,X,X,X,,X,X,X,X,X,X,X,X,X,X,X,X,X,X,X,
Employee Name 68,,X,X,X,X,X,X,X,X,X,,X,X,X,X,X,,X,X,X,,X,,,,X,X,X,X,X,X,,X,X,X,,X,X,X,X,X,X,X,X,X,X,X,X,,X,X,X,X,,X,X,X,X,X,X,,,X,X,X,X,X,X,X,X,X,X,X,,X,X,X,X,X,X,X,X,X,X,X,X,X,X,X,X,,X,X,X,X,X,X,X,X,X,,X,X,X,X,,X,X,X,X,X,X,X,X,X,X,X,X,X,,X,X,X,X,X,X,X,X,X,X,,X,X,X,X,X,X,X,X,X,X,X,X,,X,X,X
Employee Name 69,,X,X,X,X,X,X,X,X,X,X,X,X,X,X,X,X,X,X,X,X,X,X,,,X,X,X,X,X,X,X,X,X,X,X,X,X,X,X,X,X,X,X,X,X,X,X,X,X,X,X,X,X,X,,X,X,X,X,X,X,X,X,X,,,X,,,X,X,X,X,X,X,X,X,X,X,X,,,X,,X,X,X,X,X,X,X,X,X,X,X,X,X,X,X,X,X,X,X,X,X,X,X,X,,X,X,X,X,X,X,X,X,,X,X,X,X,X,X,,X,X,X,X,,X,X,X,X,X,X,X,X,X,X,X,X,X,X,X,X
Employee Name 7,,,,,,X,X,X,X,X,X,X,X,X,X,,X,X,,,,,,,,X,,,,,X,X,X,X,X,X,X,X,X,X,X,X,X,X,X,,X,X,X,X,X,X,X,X,X,X,X,X,X,X,X,,X,X,X,X,X,X,,,,X,X,X,X,X,X,X,,X,X,X,X,X,X,X,X,X,X,X,,,,,,,X,X,X,X,X,X,X,X,X,,X,X,,,X,X,X,X,X,,X,X,X,X,X,X,X,X,X,X,X,X,X,X,,X,X,X,X,X,X,X,X,X,X,X,X,X,,X,
Employee Name 70,,X,X,,,,X,,,X,,,X,X,X,X,X,X,X,X,,X,,,,X,X,X,X,,,X,,X,X,,X,X,X,X,,X,X,X,X,,X,X,,X,X,X,X,X,X,X,X,X,X,X,X,X,X,X,,,,,,,,,,,,,,,X,X,X,X,X,X,X,X,X,X,X,X,X,X,X,X,X,X,X,X,X,,,,,,X,,X,X,X,,X,X,X,X,,X,,,,,X,X,X,,X,X,X,X,X,X,,X,,X,X,X,X,,,,,X,X,X,,,
Employee Name 71,,X,X,X,X,X,X,,X,X,,X,X,,X,X,X,X,X,,,X,,,,X,X,X,X,X,X,X,X,,X,X,X,X,X,,,X,X,X,X,X,X,X,,X,,X,X,X,X,X,X,X,X,X,X,X,X,X,,,,,,,X,X,X,X,X,X,X,X,X,X,X,X,,X,X,X,X,X,X,X,X,X,X,X,,,X,X,X,,X,X,X,X,X,,X,X,X,X,X,X,X,X,X,X,X,X,,X,X,X,X,X,,X,X,X,X,X,,X,X,X,X,X,X,X,X,X,X,X,X,X,X,X,
Employee Name 72,,X,X,,,X,,X,X,X,X,,X,X,X,X,X,X,,X,X,X,X,,,,X,X,X,X,X,X,X,,X,X,X,X,X,,X,X,X,X,X,X,X,X,X,X,,X,X,,,X,X,X,X,X,X,X,X,X,X,X,X,,X,,X,X,X,X,,X,X,X,X,X,X,X,X,,,X,X,X,X,X,X,,X,X,X,X,X,X,X,X,X,X,X,X,,,,,X,X,X,X,X,X,X,X,,X,X,X,X,X,X,X,X,X,X,X,,,,,,X,X,X,,,X,,,,,,,,
Employee Name 73,,X,X,X,X,X,X,X,X,X,X,X,X,X,X,,X,X,X,X,X,X,X,,,X,X,X,X,X,X,,X,X,X,X,X,X,X,X,X,X,X,X,X,X,X,X,X,X,X,X,X,X,X,X,,X,X,X,X,X,X,X,X,X,X,X,X,X,X,X,X,X,,X,X,X,X,X,X,X,X,X,X,X,X,X,X,X,X,X,X,X,X,,X,X,X,X,X,X,X,X,X,,X,X,X,X,X,X,X,X,,X,X,X,X,X,X,X,X,X,X,X,X,X,X,X,,X,X,X,X,X,X,X,X,X,X,X,X,X,X,X,X
Employee Name 74,,X,X,X,X,X,X,X,X,X,X,X,X,X,X,X,X,X,X,X,X,X,,,,X,X,X,X,X,X,X,X,X,X,X,X,X,X,X,X,X,X,X,X,X,X,X,X,X,X,X,X,X,X,X,X,X,X,X,X,X,X,X,X,X,X,X,X,,X,X,X,X,X,X,X,X,X,X,X,X,X,X,,X,X,X,X,X,X,X,X,X,X,X,X,X,X,X,X,X,X,,X,,X,X,X,,X,X,X,X,X,X,,X,X,X,X,X,X,X,X,X,X,X,,X,,X,X,X,X,X,X,X,X,X,X,X,X,X,X,X,
Employee Name 75,,X,X,X,X,X,X,X,X,X,,,,,,X,,,,,,,,,,,X,X,X,X,X,X,X,X,X,X,X,X,X,X,X,,X,X,,X,X,X,,X,X,X,X,X,X,X,X,X,X,X,X,X,X,X,X,X,X,X,X,X,,X,X,X,X,X,,,,,X,X,X,X,X,,X,,,,X,X,X,X,X,X,X,X,X,X,X,X,X,X,X,,X,X,,,X,X,X,X,X,,,,X,X,X,X,,X,X,X,X,X,X,X,,X,X,X,X,X,X,X,X,X,X,X,X,X,X,,
Employee Name 76,,X,,,,,,,,X,,,,,,,,,,,,,,,,,,,,,,,,X,,,,,,,X,,X,,X,X,X,X,X,X,,,,,,,,,,,,,,,,,,,,,,,,,,,,,,,,,,,,,,,,,,,,,,,,,,,,,,,,,,,,,,,,,,,,,,,,,,,,,,,,,,,,,,,,,,,,,,,,,
Employee Name 77,,X,X,X,X,X,X,X,X,X,X,X,X,X,X,X,X,X,X,X,X,X,,,,,,,,,,,,,,X,X,X,X,X,,X,X,X,X,X,X,,,,X,X,X,X,X,,,X,,X,X,X,X,X,,X,X,X,,X,X,X,X,X,X,X,X,X,X,X,X,,,X,X,,X,X,,,X,,X,,,X,,X,,X,X,X,X,,,,X,X,,,X,X,,,,,X,,,,,X,X,X,X,,X,,,,,,,X,X,,,,X,,X,,,,,,
Employee Name 78,,X,X,X,X,X,,,,X,X,X,X,X,X,X,,X,X,X,X,X,,,,X,X,X,X,X,X,X,X,X,X,X,X,X,X,,X,X,X,X,X,X,X,X,X,X,X,,X,X,X,,X,X,X,X,X,X,X,X,X,X,,X,X,X,X,X,X,X,X,X,,X,,,X,X,X,X,X,,X,X,X,X,,X,X,X,X,X,X,X,,X,X,X,X,X,X,,X,X,X,X,X,X,X,X,X,X,X,X,X,X,X,,X,X,X,X,X,X,X,X,,,X,X,X,X,,X,X,X,X,X,X,X,X,X,
Employee Name 79,,X,X,X,X,X,,X,X,X,X,X,X,X,X,X,X,X,X,X,X,X,,,,X,X,X,X,X,,X,X,X,X,X,X,X,X,X,X,X,X,,X,X,X,X,X,X,X,X,X,X,X,X,X,X,X,X,X,X,X,X,X,,,,X,X,X,X,X,X,X,X,X,X,X,X,X,X,,X,X,X,X,X,X,X,X,X,X,X,X,X,X,X,X,X,,,,,,,X,X,,,X,X,X,X,X,X,X,X,X,X,X,X,X,X,X,,,,,,,,,,,X,X,X,X,,,,,,,,
Employee Name 8,X,X,X,X,X,X,X,X,X,X,X,X,X,X,X,X,X,X,X,X,X,X,X,,,X,X,X,X,X,X,X,X,X,X,X,X,X,X,X,X,,,,,X,X,X,X,X,X,X,,X,X,X,X,X,X,X,X,X,X,X,X,X,X,X,X,,X,X,X,X,X,X,X,X,X,X,X,X,X,X,X,X,X,X,X,X,X,X,X,X,X,X,X,X,,X,X,X,X,X,X,,X,X,X,X,X,X,X,X,,X,X,X,X,X,X,X,X,X,X,X,X,X,X,X,,,X,X,X,X,X,X,X,,,,,,,,
Employee Name 80,,X,X,X,X,X,X,X,X,X,X,X,X,X,X,X,X,X,X,X,X,X,,,,X,X,X,X,X,,X,X,X,X,X,X,X,X,X,X,X,X,X,X,X,X,X,,,X,X,X,X,X,X,X,X,X,X,X,X,X,X,X,X,X,X,X,X,X,X,X,X,X,X,X,X,X,X,X,X,X,X,X,X,X,X,X,,,X,X,X,X,X,X,X,X,X,X,X,X,X,X,,X,X,X,X,X,X,X,X,X,X,X,X,X,X,X,X,X,X,X,X,X,X,X,X,,,X,X,X,X,X,X,X,X,X,X,X,X,X,X,X
Employee Name 81,,X,X,X,,X,X,X,X,X,X,X,X,X,X,X,X,X,X,X,X,X,,,,X,X,X,X,X,X,X,X,X,X,,,X,X,X,X,X,X,X,X,X,X,X,X,X,X,X,X,X,X,X,X,X,X,X,X,,,,,,,X,X,X,X,X,X,X,X,X,X,X,,X,X,,,X,,X,X,X,,X,X,X,X,X,X,X,X,X,X,X,X,X,X,X,X,,X,X,X,X,X,X,X,X,X,,,,,,,,,,,X,X,X,X,X,,X,X,X,X,X,X,X,X,X,X,X,X,X,X,,
Employee Name 82,,X,X,X,X,X,X,X,X,X,X,X,X,X,X,X,X,X,X,X,X,X,X,,,X,X,X,X,X,X,X,X,X,X,X,X,X,X,X,X,X,X,X,X,X,X,X,X,X,X,X,X,X,X,X,X,X,X,X,X,X,X,X,X,X,X,X,X,,X,X,X,X,X,X,X,X,X,X,X,X,X,X,X,X,X,X,X,,X,X,X,X,X,X,X,X,X,X,X,X,X,X,,,X,X,X,X,X,X,X,X,X,X,X,X,,X,X,X,X,X,X,X,X,X,X,X,,X,X,X,X,X,X,X,X,X,,,,,,X,X
Employee Name 83,,X,X,X,X,,,,X,X,X,X,,,,X,,X,X,X,X,X,,,,X,X,X,X,X,X,X,,X,X,,X,X,X,X,X,,X,X,X,X,,X,X,X,X,X,X,X,X,X,X,X,X,X,X,X,X,X,X,X,X,,X,X,,,,X,,,X,,,,,X,X,,X,X,X,X,X,X,X,X,,X,,,,,,,X,X,X,,,,,,X,X,X,X,X,X,X,X,X,X,X,,X,X,X,,,X,X,X,X,X,,X,X,X,X,X,X,X,X,X,X,X,X,,X,X,
Employee Name 84,,X,X,X,X,X,X,X,X,X,X,X,X,X,X,X,,,,,,,,,X,X,X,X,X,X,X,X,X,X,X,X,X,X,X,X,X,X,X,X,X,X,X,X,X,X,X,X,X,X,X,,X,X,X,X,X,X,X,X,X,X,X,X,X,X,X,X,X,X,X,X,X,X,,,X,X,X,X,X,X,X,X,X,X,X,X,X,X,X,,,,,,X,X,X,X,,,,X,,,,,,,,X,X,X,X,X,X,X,X,X,X,X,X,X,,,,X,X,X,X,X,X,X,X,X,X,X,X,X,,X,
Employee Name 85,,X,X,X,X,X,X,X,,X,X,,X,X,X,X,X,X,,,X,X,,,,X,,X,X,,X,X,X,,,X,X,X,X,X,X,X,X,X,X,X,X,X,,,X,X,,X,X,X,X,,X,,X,X,,X,X,,X,X,X,X,X,,X,X,X,X,X,X,X,X,X,X,,X,X,X,X,X,X,X,X,X,X,X,X,X,X,X,X,X,X,X,X,X,X,,X,X,X,X,X,X,X,X,X,X,X,X,X,X,X,X,X,X,X,X,X,X,,,,,X,X,X,X,X,X,X,X,X,X,X,X,X,X,
Employee Name 86,,X,X,X,X,X,X,X,X,X,X,X,X,X,X,X,X,X,X,X,X,X,,,,,X,X,X,X,X,X,X,X,X,,,,X,,,X,X,,,,X,X,,X,X,X,X,X,X,X,X,X,X,X,X,X,X,X,X,X,X,X,X,X,X,X,X,X,X,,,X,X,X,X,X,X,X,X,X,X,X,X,X,X,X,X,X,X,X,X,X,X,X,,,X,X,X,,X,X,X,X,X,X,X,X,X,X,X,X,X,X,,X,X,X,X,X,X,X,,,,X,X,X,,X,,X,X,X,X,X,X,X,X,X,X
Employee Name 87,,X,X,X,X,X,X,X,X,X,X,X,X,X,X,X,X,X,X,X,X,X,,,,,X,X,X,X,X,X,X,X,X,X,X,X,X,X,X,X,X,X,X,,,,X,X,X,,X,X,X,X,X,X,X,X,X,X,X,X,,,X,X,X,X,X,X,X,X,X,X,X,X,X,X,X,X,X,X,X,X,X,X,X,X,X,,X,,,X,X,X,X,X,X,X,X,X,,,X,X,,X,X,,X,X,X,,,,,,X,X,X,X,X,,,,,X,,X,X,,X,X,,X,X,X,X,,X,,,X,
Employee Name 88,,X,X,X,,X,X,X,X,,,X,X,X,X,X,X,X,X,X,X,X,,,,X,X,,X,X,,,,,,,X,X,X,X,X,X,X,X,X,X,X,X,X,X,,,,,,X,X,X,X,X,X,X,X,X,X,X,X,,X,X,X,X,X,X,X,X,X,X,X,,X,X,X,X,X,,X,X,X,X,X,X,X,X,X,X,,X,X,X,X,X,,X,X,,,,,,,,,X,X,X,X,X,X,X,X,X,X,X,X,,X,X,,,,X,X,X,X,X,X,X,X,X,X,,X,X,X,X,
Employee Name 89,,X,X,,,,,X,X,X,X,X,X,,X,X,X,X,X,X,,X,,,,X,X,,X,X,X,X,X,X,X,,X,X,X,X,,X,X,X,,,X,X,X,X,X,X,X,,,,X,,X,X,X,X,X,X,X,,,,,,,X,X,X,X,X,,X,X,X,X,X,X,X,,,X,X,,,X,X,X,X,X,,X,X,X,X,,,,,,,X,X,X,,X,,,X,X,X,X,,,,X,X,X,X,X,X,X,,X,,,X,,,,X,,X,X,X,X,X,X,X,X,X,
Employee Name 9,X,X,X,X,X,,,,,,,,X,X,X,,,,,,,,,,,,X,,,X,,,,,X,,,,,,,,,,,,,,,,,,,,,,,,,,,,,,,,,,,,,,,,,,,,,,,,,,,,,,,,,,,,,,,,,,,,,,,,,,,,,,,,,,,,,,,,,,,,,,,,,,,,,,,,,,,,,,,,
Employee Name 90,,X,X,X,X,X,X,X,X,X,X,X,X,X,X,X,X,X,X,X,X,X,,,,X,X,X,X,X,X,X,X,X,X,X,X,X,X,X,X,X,X,X,X,X,X,X,X,X,X,X,X,X,X,X,X,X,X,,X,X,X,X,X,X,X,X,X,X,X,X,X,X,X,X,X,X,X,X,X,X,X,X,X,X,X,X,X,X,X,X,X,X,X,X,X,X,X,,X,X,X,X,X,,X,X,X,X,X,X,X,X,X,X,X,X,X,X,X,X,X,X,X,X,X,X,X,X,,X,X,X,X,X,X,X,X,X,X,X,X,X,X,X,X
Employee Name 91,,X,X,X,,X,,,X,,X,X,X,,,X,X,X,X,X,X,X,,,,X,X,X,X,X,X,X,X,X,X,X,X,X,X,X,X,X,X,X,,X,X,X,X,X,X,X,X,X,X,X,X,X,X,X,X,X,X,X,X,X,X,X,X,X,X,X,,X,,X,X,X,X,X,X,,X,X,X,X,X,X,X,X,X,X,X,X,X,X,X,X,X,X,X,,,,,,,X,,,X,X,X,X,,X,X,X,X,X,X,X,X,X,,X,X,X,X,X,,X,,,X,X,X,X,,X,X,X,X,X,X,X,X
Employee Name 92,,X,X,X,X,X,X,X,X,X,,X,X,X,X,X,X,X,X,X,X,X,,,,X,X,X,X,X,X,X,X,X,X,X,X,X,X,X,X,X,X,X,X,X,X,X,X,X,X,X,X,X,X,X,X,X,X,X,X,X,X,X,,,X,X,X,X,X,X,X,X,X,X,X,X,X,X,X,X,X,X,X,X,X,X,X,X,X,X,X,X,X,X,X,X,X,X,X,X,X,X,X,,,,,,X,X,X,,,X,X,X,X,X,X,X,X,X,X,X,X,X,X,,,X,X,X,X,X,X,X,X,X,X,X,X,X,X,X,X
Employee Name 93,,X,X,X,,X,X,X,X,X,X,X,X,X,X,X,X,X,X,X,X,X,X,,,X,X,X,X,X,X,X,X,X,X,X,X,X,X,X,X,X,X,X,X,X,X,,X,X,X,,X,X,X,X,X,X,X,X,X,X,X,X,X,,X,X,X,X,X,X,X,X,X,X,X,X,X,X,X,X,X,X,X,X,X,X,X,X,X,X,X,X,X,X,X,X,X,X,X,X,X,X,X,,X,,,,X,X,X,X,X,X,X,X,X,X,,,,,,X,X,X,X,X,,X,X,X,X,X,X,X,X,X,X,X,X,X,X,X,X
Employee Name 94,,X,X,X,X,X,X,X,X,X,X,X,X,X,X,X,X,X,X,X,X,X,,,,X,X,X,X,X,X,X,X,X,X,X,X,X,X,,X,X,X,X,,X,X,X,X,X,X,X,X,X,X,X,X,X,X,X,X,X,X,X,X,X,X,X,X,X,X,X,,X,X,X,,X,X,X,X,X,X,X,X,X,X,X,X,,,,,X,X,X,X,X,X,X,X,X,X,X,X,,X,X,X,,,,,,,X,X,X,X,X,X,X,X,X,X,X,X,X,X,X,,X,X,X,X,X,X,X,X,,X,X,X,X,X,X,X
Employee Name 95,,X,X,X,X,X,X,X,X,X,X,X,X,X,X,X,X,X,X,X,X,X,,,,X,X,X,X,X,X,X,X,X,X,X,X,X,X,X,X,X,X,X,X,X,X,X,X,,X,X,X,X,X,X,X,X,X,X,X,X,X,X,X,X,X,X,X,X,X,X,X,X,X,X,X,X,X,X,X,,X,X,X,X,X,X,X,,,X,X,X,X,X,X,X,X,,X,X,X,X,X,,X,X,X,,X,X,X,X,X,X,X,X,X,X,X,X,X,X,X,X,X,X,,,,X,X,X,X,X,X,,,X,X,X,X,X,X,X,X
Employee Name 96,,X,X,X,X,X,X,X,X,X,X,X,X,X,X,,,,,,,,,,,,,X,X,X,X,X,X,X,X,,,,,,X,X,X,X,X,X,X,X,X,,,X,X,X,X,X,X,X,X,X,X,X,X,X,X,,,,,,,X,X,X,X,,,,,,,X,X,X,X,,,,,,X,X,X,X,X,X,X,X,X,X,,,,,,,,,,,X,X,X,X,X,X,X,X,,X,,,,,,X,X,X,X,X,,X,X,X,,,,,,,X,X,X,X,X,X,
Employee Name 97,,X,X,X,X,,X,X,X,X,X,X,X,X,X,X,X,X,X,X,X,X,,,,X,X,X,,X,X,X,X,X,X,X,X,X,X,X,X,X,X,X,X,X,X,X,X,X,X,X,X,X,X,X,X,X,X,,X,X,,,,X,X,X,X,X,X,X,X,X,X,X,X,X,,X,X,X,X,X,X,X,X,X,X,X,X,X,X,X,X,X,X,X,X,X,X,X,X,X,,,X,X,X,X,X,X,X,X,X,X,,X,X,X,X,X,X,X,,X,X,X,X,,,X,X,X,X,X,X,X,X,X,X,X,X,X,X,X,
Employee Name 98,,X,X,X,X,X,X,X,X,X,X,X,X,X,X,X,,,,X,,X,X,,,X,X,X,X,X,X,X,X,X,X,X,X,X,X,,X,X,X,X,X,X,X,X,X,X,X,X,X,X,X,X,X,X,X,X,X,X,X,X,X,X,X,X,X,X,X,X,X,X,X,X,X,X,X,X,X,X,X,X,X,X,X,X,X,X,X,X,X,X,X,X,X,X,X,X,X,X,X,X,,,,,,,X,X,X,X,X,X,X,X,X,X,X,X,X,X,X,X,X,X,X,X,,,X,X,X,X,X,X,X,X,X,X,X,X,X,X,X
Employee Name 99,,X,X,X,X,X,X,X,X,X,X,X,X,,,X,X,,,,,,,,,,X,X,X,X,,X,X,X,X,X,X,X,X,X,X,X,X,X,,X,X,X,X,X,X,X,X,,,,,,,,X,,X,X,X,X,X,X,X,X,X,X,X,X,X,X,X,X,X,X,X,X,X,X,X,X,X,X,X,X,X,X,X,X,X,X,X,X,X,,X,X,X,X,X,,X,X,X,X,X,X,X,X,X,X,X,X,X,X,X,X,X,X,X,X,X,X,X,,,,X,X,X,X,X,X,X,X,X,X,X,X,X,,X
